condition,held_out_run,transition_epoch,old_token,old_topic_id,assigned_new_token,assigned_new_topic_id,assigned_probability,assignment_correct,true_candidate_rank,reciprocal_rank
B1,formal-r01,1,e3/b/e3b-r01/B1/t/202c56e4219089e9,T4,e3/b/e3b-r01/B1/t/9227f397f7cb2551,T4,0.9423374282713473,1,1,1.0
B1,formal-r01,1,e3/b/e3b-r01/B1/t/605bb329bb012708,T1,e3/b/e3b-r01/B1/t/df4e98b8159beecb,T1,0.9504168588171477,1,1,1.0
B1,formal-r01,1,e3/b/e3b-r01/B1/t/7cfd61be72e35500,T7,e3/b/e3b-r01/B1/t/e1d74f3f1b76e0a9,T7,0.9573077114649874,1,1,1.0
B1,formal-r01,1,e3/b/e3b-r01/B1/t/ae64435abe8e3c16,T5,e3/b/e3b-r01/B1/t/32bdbae46cc3dac9,T5,0.8356027924687801,1,1,1.0
B1,formal-r01,1,e3/b/e3b-r01/B1/t/ba5f8a1d95843797,T8,e3/b/e3b-r01/B1/t/fddb2ddc6235edf8,T8,0.9542857340312842,1,1,1.0
B1,formal-r01,1,e3/b/e3b-r01/B1/t/cc79c06b727106b8,T2,e3/b/e3b-r01/B1/t/517c8a1cce2bd7bf,T2,0.7087999298212101,1,2,0.5
B1,formal-r01,1,e3/b/e3b-r01/B1/t/dd8a540198a261ac,T3,e3/b/e3b-r01/B1/t/5bfc67769857956f,T3,0.9457907958470332,1,1,1.0
B1,formal-r01,1,e3/b/e3b-r01/B1/t/f927884893f8a997,T6,e3/b/e3b-r01/B1/t/a8285a017ec90c71,T6,0.9189829522631151,1,1,1.0
B1,formal-r01,2,e3/b/e3b-r01/B1/t/32bdbae46cc3dac9,T5,e3/b/e3b-r01/B1/t/5a8f5762be5989bb,T5,0.9675606959738695,1,1,1.0
B1,formal-r01,2,e3/b/e3b-r01/B1/t/517c8a1cce2bd7bf,T2,e3/b/e3b-r01/B1/t/a78e8e0a30b716ed,T2,0.7067650696189888,1,2,0.5
B1,formal-r01,2,e3/b/e3b-r01/B1/t/5bfc67769857956f,T3,e3/b/e3b-r01/B1/t/f774699413d07345,T3,0.9664801155806851,1,1,1.0
B1,formal-r01,2,e3/b/e3b-r01/B1/t/9227f397f7cb2551,T4,e3/b/e3b-r01/B1/t/3f304c61f7394b83,T4,0.9634392604905886,1,1,1.0
B1,formal-r01,2,e3/b/e3b-r01/B1/t/a8285a017ec90c71,T6,e3/b/e3b-r01/B1/t/153c2cd095ac3d7d,T6,0.9472938864832345,1,1,1.0
B1,formal-r01,2,e3/b/e3b-r01/B1/t/df4e98b8159beecb,T1,e3/b/e3b-r01/B1/t/757451f7fcca8f6a,T1,0.960352798936768,1,1,1.0
B1,formal-r01,2,e3/b/e3b-r01/B1/t/e1d74f3f1b76e0a9,T7,e3/b/e3b-r01/B1/t/f91516d68c74f265,T7,0.9619431723931013,1,1,1.0
B1,formal-r01,2,e3/b/e3b-r01/B1/t/fddb2ddc6235edf8,T8,e3/b/e3b-r01/B1/t/82c26d58e2f268fc,T8,0.9713629691163055,1,1,1.0
B1,formal-r01,3,e3/b/e3b-r01/B1/t/153c2cd095ac3d7d,T6,e3/b/e3b-r01/B1/t/74dd7d25052a2f95,T6,0.9750067501468078,1,1,1.0
B1,formal-r01,3,e3/b/e3b-r01/B1/t/3f304c61f7394b83,T4,e3/b/e3b-r01/B1/t/4e20e53d9a309386,T4,0.9184080158216973,1,1,1.0
B1,formal-r01,3,e3/b/e3b-r01/B1/t/5a8f5762be5989bb,T5,e3/b/e3b-r01/B1/t/128eee962e30ee12,T5,0.9514758416696258,1,1,1.0
B1,formal-r01,3,e3/b/e3b-r01/B1/t/757451f7fcca8f6a,T1,e3/b/e3b-r01/B1/t/3072fcfe96abd8e9,T1,0.8232505679549994,1,1,1.0
B1,formal-r01,3,e3/b/e3b-r01/B1/t/82c26d58e2f268fc,T8,e3/b/e3b-r01/B1/t/1a0c4a3908b226f7,T8,0.9744123171821876,1,1,1.0
B1,formal-r01,3,e3/b/e3b-r01/B1/t/a78e8e0a30b716ed,T2,e3/b/e3b-r01/B1/t/4133f42c93bb42cf,T2,0.929171197031267,1,1,1.0
B1,formal-r01,3,e3/b/e3b-r01/B1/t/f774699413d07345,T3,e3/b/e3b-r01/B1/t/732bcf16995a112b,T3,0.960389816057577,1,1,1.0
B1,formal-r01,3,e3/b/e3b-r01/B1/t/f91516d68c74f265,T7,e3/b/e3b-r01/B1/t/324c5e4459ddd3ca,T7,0.9426677081887291,1,1,1.0
B1,formal-r01,4,e3/b/e3b-r01/B1/t/128eee962e30ee12,T5,e3/b/e3b-r01/B1/t/96080a672965d3fa,T5,0.8534556828287563,1,1,1.0
B1,formal-r01,4,e3/b/e3b-r01/B1/t/1a0c4a3908b226f7,T8,e3/b/e3b-r01/B1/t/e044c681afffedd9,T8,0.9833038675496777,1,1,1.0
B1,formal-r01,4,e3/b/e3b-r01/B1/t/3072fcfe96abd8e9,T1,e3/b/e3b-r01/B1/t/01ef445f5669bda6,T1,0.9547617677439355,1,1,1.0
B1,formal-r01,4,e3/b/e3b-r01/B1/t/324c5e4459ddd3ca,T7,e3/b/e3b-r01/B1/t/c5b2daf2c3ea0a1e,T7,0.932755889737031,1,1,1.0
B1,formal-r01,4,e3/b/e3b-r01/B1/t/4133f42c93bb42cf,T2,e3/b/e3b-r01/B1/t/63439ce31f4b7759,T2,0.9262132983921169,1,1,1.0
B1,formal-r01,4,e3/b/e3b-r01/B1/t/4e20e53d9a309386,T4,e3/b/e3b-r01/B1/t/2423e4aa467142ba,T4,0.9551200276217259,1,1,1.0
B1,formal-r01,4,e3/b/e3b-r01/B1/t/732bcf16995a112b,T3,e3/b/e3b-r01/B1/t/8fbc4d9d327931b9,T3,0.8845498749052111,1,1,1.0
B1,formal-r01,4,e3/b/e3b-r01/B1/t/74dd7d25052a2f95,T6,e3/b/e3b-r01/B1/t/b02432f805b89568,T6,0.974466576215933,1,1,1.0
B1,formal-r01,5,e3/b/e3b-r01/B1/t/01ef445f5669bda6,T1,e3/b/e3b-r01/B1/t/e7d4a0061fd5aeed,T1,0.8172824582173791,1,2,0.5
B1,formal-r01,5,e3/b/e3b-r01/B1/t/2423e4aa467142ba,T4,e3/b/e3b-r01/B1/t/a0be5c130ac6825a,T4,0.9525686758795858,1,1,1.0
B1,formal-r01,5,e3/b/e3b-r01/B1/t/63439ce31f4b7759,T2,e3/b/e3b-r01/B1/t/e12184dc4f83e938,T2,0.9429571432318802,1,1,1.0
B1,formal-r01,5,e3/b/e3b-r01/B1/t/8fbc4d9d327931b9,T3,e3/b/e3b-r01/B1/t/da30c38f299a109d,T3,0.8072643558895334,1,1,1.0
B1,formal-r01,5,e3/b/e3b-r01/B1/t/96080a672965d3fa,T5,e3/b/e3b-r01/B1/t/b0c657dd44279595,T5,0.9358450033525412,1,1,1.0
B1,formal-r01,5,e3/b/e3b-r01/B1/t/b02432f805b89568,T6,e3/b/e3b-r01/B1/t/434558ec0caf1182,T6,0.9832295277665012,1,1,1.0
B1,formal-r01,5,e3/b/e3b-r01/B1/t/c5b2daf2c3ea0a1e,T7,e3/b/e3b-r01/B1/t/ace05b64dafcc019,T7,0.9698040481052569,1,1,1.0
B1,formal-r01,5,e3/b/e3b-r01/B1/t/e044c681afffedd9,T8,e3/b/e3b-r01/B1/t/f97c2deeec811d0a,T8,0.9819553060030447,1,1,1.0
B1,formal-r01,6,e3/b/e3b-r01/B1/t/434558ec0caf1182,T6,e3/b/e3b-r01/B1/t/cd0858326320c412,T6,0.9696258074917323,1,1,1.0
B1,formal-r01,6,e3/b/e3b-r01/B1/t/a0be5c130ac6825a,T4,e3/b/e3b-r01/B1/t/65c45f1daaf2f645,T4,0.9137985358415033,1,1,1.0
B1,formal-r01,6,e3/b/e3b-r01/B1/t/ace05b64dafcc019,T7,e3/b/e3b-r01/B1/t/e661a338365e3751,T7,0.9475180929373475,1,1,1.0
B1,formal-r01,6,e3/b/e3b-r01/B1/t/b0c657dd44279595,T5,e3/b/e3b-r01/B1/t/fe2b58a098c656b8,T5,0.9063829508540504,1,1,1.0
B1,formal-r01,6,e3/b/e3b-r01/B1/t/da30c38f299a109d,T3,e3/b/e3b-r01/B1/t/b71b290658891f1a,T3,0.9250434956385798,1,1,1.0
B1,formal-r01,6,e3/b/e3b-r01/B1/t/e12184dc4f83e938,T2,e3/b/e3b-r01/B1/t/448503c1afe74d0a,T2,0.9120596497751584,1,2,0.5
B1,formal-r01,6,e3/b/e3b-r01/B1/t/e7d4a0061fd5aeed,T1,e3/b/e3b-r01/B1/t/bb1c590d2d98af65,T1,0.8268525739380594,1,1,1.0
B1,formal-r01,6,e3/b/e3b-r01/B1/t/f97c2deeec811d0a,T8,e3/b/e3b-r01/B1/t/4c36f64626c4df19,T8,0.9482006764909205,1,1,1.0
B1,formal-r01,7,e3/b/e3b-r01/B1/t/448503c1afe74d0a,T2,e3/b/e3b-r01/B1/t/53457e283d0481a5,T2,0.8293327218913599,1,2,0.5
B1,formal-r01,7,e3/b/e3b-r01/B1/t/4c36f64626c4df19,T8,e3/b/e3b-r01/B1/t/b483be9a7248e095,T8,0.9333165654548328,1,1,1.0
B1,formal-r01,7,e3/b/e3b-r01/B1/t/65c45f1daaf2f645,T4,e3/b/e3b-r01/B1/t/66fa663b41ced85f,T4,0.9039864410922387,1,1,1.0
B1,formal-r01,7,e3/b/e3b-r01/B1/t/b71b290658891f1a,T3,e3/b/e3b-r01/B1/t/b41bdbaf5dc18dd0,T3,0.9554167686554292,1,1,1.0
B1,formal-r01,7,e3/b/e3b-r01/B1/t/bb1c590d2d98af65,T1,e3/b/e3b-r01/B1/t/47d9f7508d1cf712,T1,0.869610474494537,1,1,1.0
B1,formal-r01,7,e3/b/e3b-r01/B1/t/cd0858326320c412,T6,e3/b/e3b-r01/B1/t/758be68c4cdd02bb,T6,0.9666134210211672,1,1,1.0
B1,formal-r01,7,e3/b/e3b-r01/B1/t/e661a338365e3751,T7,e3/b/e3b-r01/B1/t/cfa6dabd940b2d21,T7,0.9613880299340987,1,1,1.0
B1,formal-r01,7,e3/b/e3b-r01/B1/t/fe2b58a098c656b8,T5,e3/b/e3b-r01/B1/t/43277480b5ea4f36,T5,0.9458303654181411,1,1,1.0
B1,formal-r01,8,e3/b/e3b-r01/B1/t/43277480b5ea4f36,T5,e3/b/e3b-r01/B1/t/1494adb69fc02cad,T5,0.9212311181365754,1,1,1.0
B1,formal-r01,8,e3/b/e3b-r01/B1/t/47d9f7508d1cf712,T1,e3/b/e3b-r01/B1/t/8e31024813c4188a,T1,0.7960139779619259,1,2,0.5
B1,formal-r01,8,e3/b/e3b-r01/B1/t/53457e283d0481a5,T2,e3/b/e3b-r01/B1/t/bab4cdc9f001ea77,T2,0.8620486912822275,1,1,1.0
B1,formal-r01,8,e3/b/e3b-r01/B1/t/66fa663b41ced85f,T4,e3/b/e3b-r01/B1/t/47b96530e0a5dd91,T4,0.9233264194535319,1,1,1.0
B1,formal-r01,8,e3/b/e3b-r01/B1/t/758be68c4cdd02bb,T6,e3/b/e3b-r01/B1/t/de8a4bdf2c1c8b6a,T6,0.9507692679976527,1,1,1.0
B1,formal-r01,8,e3/b/e3b-r01/B1/t/b41bdbaf5dc18dd0,T3,e3/b/e3b-r01/B1/t/da9197c0960249e4,T3,0.8419448622321523,1,1,1.0
B1,formal-r01,8,e3/b/e3b-r01/B1/t/b483be9a7248e095,T8,e3/b/e3b-r01/B1/t/b622620530fc88c8,T8,0.9709790932676114,1,1,1.0
B1,formal-r01,8,e3/b/e3b-r01/B1/t/cfa6dabd940b2d21,T7,e3/b/e3b-r01/B1/t/51a6550db3f4a326,T7,0.9410523829612427,1,1,1.0
B1,formal-r01,9,e3/b/e3b-r01/B1/t/1494adb69fc02cad,T5,e3/b/e3b-r01/B1/t/cf79531ff45c5342,T5,0.9576156653077668,1,1,1.0
B1,formal-r01,9,e3/b/e3b-r01/B1/t/47b96530e0a5dd91,T4,e3/b/e3b-r01/B1/t/621a0dc700ee1e37,T4,0.9481610583125951,1,1,1.0
B1,formal-r01,9,e3/b/e3b-r01/B1/t/51a6550db3f4a326,T7,e3/b/e3b-r01/B1/t/c70aa3041f19f319,T7,0.9264926958518183,1,1,1.0
B1,formal-r01,9,e3/b/e3b-r01/B1/t/8e31024813c4188a,T1,e3/b/e3b-r01/B1/t/dbff6c6eb6c03f67,T2,0.8264084166949116,0,1,1.0
B1,formal-r01,9,e3/b/e3b-r01/B1/t/b622620530fc88c8,T8,e3/b/e3b-r01/B1/t/097b66fcdff5a616,T8,0.9653730123867428,1,1,1.0
B1,formal-r01,9,e3/b/e3b-r01/B1/t/bab4cdc9f001ea77,T2,e3/b/e3b-r01/B1/t/7b5cc8186772b5e7,T1,0.9526066154432115,0,2,0.5
B1,formal-r01,9,e3/b/e3b-r01/B1/t/da9197c0960249e4,T3,e3/b/e3b-r01/B1/t/2037bff82501d551,T3,0.9752359592921774,1,1,1.0
B1,formal-r01,9,e3/b/e3b-r01/B1/t/de8a4bdf2c1c8b6a,T6,e3/b/e3b-r01/B1/t/5dc787299e6deb5d,T6,0.9494589024089051,1,1,1.0
B1,formal-r01,10,e3/b/e3b-r01/B1/t/097b66fcdff5a616,T8,e3/b/e3b-r01/B1/t/aaf346766ab6a375,T8,0.9590859019877732,1,1,1.0
B1,formal-r01,10,e3/b/e3b-r01/B1/t/2037bff82501d551,T3,e3/b/e3b-r01/B1/t/7f86e4d0e0d649b7,T3,0.8688301551611562,1,1,1.0
B1,formal-r01,10,e3/b/e3b-r01/B1/t/5dc787299e6deb5d,T6,e3/b/e3b-r01/B1/t/c8d20bb24b652d3b,T6,0.94981969982833,1,1,1.0
B1,formal-r01,10,e3/b/e3b-r01/B1/t/621a0dc700ee1e37,T4,e3/b/e3b-r01/B1/t/5b205583566616c8,T4,0.9650832135010213,1,1,1.0
B1,formal-r01,10,e3/b/e3b-r01/B1/t/7b5cc8186772b5e7,T1,e3/b/e3b-r01/B1/t/c942c0492e2d3fc0,T2,0.9422812680566865,0,2,0.5
B1,formal-r01,10,e3/b/e3b-r01/B1/t/c70aa3041f19f319,T7,e3/b/e3b-r01/B1/t/de8e83f87feea62c,T7,0.9573809472904139,1,1,1.0
B1,formal-r01,10,e3/b/e3b-r01/B1/t/cf79531ff45c5342,T5,e3/b/e3b-r01/B1/t/5adec54984b3cbfe,T5,0.9507965899900599,1,1,1.0
B1,formal-r01,10,e3/b/e3b-r01/B1/t/dbff6c6eb6c03f67,T2,e3/b/e3b-r01/B1/t/f46d0c54af88689b,T1,0.8031056599843893,0,1,1.0
B1,formal-r01,11,e3/b/e3b-r01/B1/t/5adec54984b3cbfe,T5,e3/b/e3b-r01/B1/t/6edbf2fcbe0a7697,T5,0.9337842718479256,1,1,1.0
B1,formal-r01,11,e3/b/e3b-r01/B1/t/5b205583566616c8,T4,e3/b/e3b-r01/B1/t/b79617bc47cf804c,T4,0.8197771319765319,1,1,1.0
B1,formal-r01,11,e3/b/e3b-r01/B1/t/7f86e4d0e0d649b7,T3,e3/b/e3b-r01/B1/t/464abb2066f83d14,T3,0.9057314496613859,1,1,1.0
B1,formal-r01,11,e3/b/e3b-r01/B1/t/aaf346766ab6a375,T8,e3/b/e3b-r01/B1/t/d58801e98b204e3c,T8,0.969676358297763,1,1,1.0
B1,formal-r01,11,e3/b/e3b-r01/B1/t/c8d20bb24b652d3b,T6,e3/b/e3b-r01/B1/t/510e994dc5793b19,T6,0.9554242561256853,1,1,1.0
B1,formal-r01,11,e3/b/e3b-r01/B1/t/c942c0492e2d3fc0,T2,e3/b/e3b-r01/B1/t/b73161f7032334da,T2,0.867405657056732,1,1,1.0
B1,formal-r01,11,e3/b/e3b-r01/B1/t/de8e83f87feea62c,T7,e3/b/e3b-r01/B1/t/84391a9d47ebfcb0,T7,0.9570870417609763,1,1,1.0
B1,formal-r01,11,e3/b/e3b-r01/B1/t/f46d0c54af88689b,T1,e3/b/e3b-r01/B1/t/a7bbc12bd2b8753e,T1,0.9212307599936305,1,1,1.0
B1,formal-r02,1,e3/b/e3b-r02/B1/t/202c56e4219089e9,T4,e3/b/e3b-r02/B1/t/9227f397f7cb2551,T4,0.9528795457721738,1,1,1.0
B1,formal-r02,1,e3/b/e3b-r02/B1/t/605bb329bb012708,T1,e3/b/e3b-r02/B1/t/df4e98b8159beecb,T1,0.8507299995460694,1,1,1.0
B1,formal-r02,1,e3/b/e3b-r02/B1/t/7cfd61be72e35500,T7,e3/b/e3b-r02/B1/t/e1d74f3f1b76e0a9,T7,0.9478105446772627,1,1,1.0
B1,formal-r02,1,e3/b/e3b-r02/B1/t/ae64435abe8e3c16,T5,e3/b/e3b-r02/B1/t/32bdbae46cc3dac9,T5,0.9762714508537976,1,1,1.0
B1,formal-r02,1,e3/b/e3b-r02/B1/t/ba5f8a1d95843797,T8,e3/b/e3b-r02/B1/t/fddb2ddc6235edf8,T8,0.9829049091177453,1,1,1.0
B1,formal-r02,1,e3/b/e3b-r02/B1/t/cc79c06b727106b8,T2,e3/b/e3b-r02/B1/t/517c8a1cce2bd7bf,T2,0.9620465333515852,1,1,1.0
B1,formal-r02,1,e3/b/e3b-r02/B1/t/dd8a540198a261ac,T3,e3/b/e3b-r02/B1/t/5bfc67769857956f,T3,0.9547199925565176,1,1,1.0
B1,formal-r02,1,e3/b/e3b-r02/B1/t/f927884893f8a997,T6,e3/b/e3b-r02/B1/t/a8285a017ec90c71,T6,0.9466618785235104,1,1,1.0
B1,formal-r02,2,e3/b/e3b-r02/B1/t/32bdbae46cc3dac9,T5,e3/b/e3b-r02/B1/t/5a8f5762be5989bb,T5,0.9702247189973624,1,1,1.0
B1,formal-r02,2,e3/b/e3b-r02/B1/t/517c8a1cce2bd7bf,T2,e3/b/e3b-r02/B1/t/a78e8e0a30b716ed,T2,0.9023875400936081,1,1,1.0
B1,formal-r02,2,e3/b/e3b-r02/B1/t/5bfc67769857956f,T3,e3/b/e3b-r02/B1/t/f774699413d07345,T3,0.9391682465225044,1,1,1.0
B1,formal-r02,2,e3/b/e3b-r02/B1/t/9227f397f7cb2551,T4,e3/b/e3b-r02/B1/t/3f304c61f7394b83,T4,0.8738055368946195,1,1,1.0
B1,formal-r02,2,e3/b/e3b-r02/B1/t/a8285a017ec90c71,T6,e3/b/e3b-r02/B1/t/153c2cd095ac3d7d,T6,0.9685323228916903,1,1,1.0
B1,formal-r02,2,e3/b/e3b-r02/B1/t/df4e98b8159beecb,T1,e3/b/e3b-r02/B1/t/757451f7fcca8f6a,T1,0.826429835849273,1,1,1.0
B1,formal-r02,2,e3/b/e3b-r02/B1/t/e1d74f3f1b76e0a9,T7,e3/b/e3b-r02/B1/t/f91516d68c74f265,T7,0.9692345753633856,1,1,1.0
B1,formal-r02,2,e3/b/e3b-r02/B1/t/fddb2ddc6235edf8,T8,e3/b/e3b-r02/B1/t/82c26d58e2f268fc,T8,0.9643306162162855,1,1,1.0
B1,formal-r02,3,e3/b/e3b-r02/B1/t/153c2cd095ac3d7d,T6,e3/b/e3b-r02/B1/t/74dd7d25052a2f95,T6,0.9787361231114733,1,1,1.0
B1,formal-r02,3,e3/b/e3b-r02/B1/t/3f304c61f7394b83,T4,e3/b/e3b-r02/B1/t/4e20e53d9a309386,T4,0.81383484918651,1,1,1.0
B1,formal-r02,3,e3/b/e3b-r02/B1/t/5a8f5762be5989bb,T5,e3/b/e3b-r02/B1/t/128eee962e30ee12,T5,0.9501274894516695,1,1,1.0
B1,formal-r02,3,e3/b/e3b-r02/B1/t/757451f7fcca8f6a,T1,e3/b/e3b-r02/B1/t/3072fcfe96abd8e9,T1,0.8804650751354014,1,1,1.0
B1,formal-r02,3,e3/b/e3b-r02/B1/t/82c26d58e2f268fc,T8,e3/b/e3b-r02/B1/t/1a0c4a3908b226f7,T8,0.9574751679533284,1,1,1.0
B1,formal-r02,3,e3/b/e3b-r02/B1/t/a78e8e0a30b716ed,T2,e3/b/e3b-r02/B1/t/4133f42c93bb42cf,T2,0.8869504141584101,1,2,0.5
B1,formal-r02,3,e3/b/e3b-r02/B1/t/f774699413d07345,T3,e3/b/e3b-r02/B1/t/732bcf16995a112b,T3,0.9502033071995052,1,1,1.0
B1,formal-r02,3,e3/b/e3b-r02/B1/t/f91516d68c74f265,T7,e3/b/e3b-r02/B1/t/324c5e4459ddd3ca,T7,0.8956383896299366,1,1,1.0
B1,formal-r02,4,e3/b/e3b-r02/B1/t/128eee962e30ee12,T5,e3/b/e3b-r02/B1/t/96080a672965d3fa,T5,0.9637735707081281,1,1,1.0
B1,formal-r02,4,e3/b/e3b-r02/B1/t/1a0c4a3908b226f7,T8,e3/b/e3b-r02/B1/t/e044c681afffedd9,T8,0.9820373555694354,1,1,1.0
B1,formal-r02,4,e3/b/e3b-r02/B1/t/3072fcfe96abd8e9,T1,e3/b/e3b-r02/B1/t/01ef445f5669bda6,T1,0.7097130245056594,1,2,0.5
B1,formal-r02,4,e3/b/e3b-r02/B1/t/324c5e4459ddd3ca,T7,e3/b/e3b-r02/B1/t/c5b2daf2c3ea0a1e,T7,0.9285967633340222,1,1,1.0
B1,formal-r02,4,e3/b/e3b-r02/B1/t/4133f42c93bb42cf,T2,e3/b/e3b-r02/B1/t/63439ce31f4b7759,T2,0.8982505038289724,1,1,1.0
B1,formal-r02,4,e3/b/e3b-r02/B1/t/4e20e53d9a309386,T4,e3/b/e3b-r02/B1/t/2423e4aa467142ba,T4,0.9579263301688926,1,1,1.0
B1,formal-r02,4,e3/b/e3b-r02/B1/t/732bcf16995a112b,T3,e3/b/e3b-r02/B1/t/8fbc4d9d327931b9,T3,0.8969770817803641,1,1,1.0
B1,formal-r02,4,e3/b/e3b-r02/B1/t/74dd7d25052a2f95,T6,e3/b/e3b-r02/B1/t/b02432f805b89568,T6,0.9577315006907374,1,1,1.0
B1,formal-r02,5,e3/b/e3b-r02/B1/t/01ef445f5669bda6,T1,e3/b/e3b-r02/B1/t/e12184dc4f83e938,T2,0.8552081928606083,0,1,1.0
B1,formal-r02,5,e3/b/e3b-r02/B1/t/2423e4aa467142ba,T4,e3/b/e3b-r02/B1/t/a0be5c130ac6825a,T4,0.9463822043824408,1,1,1.0
B1,formal-r02,5,e3/b/e3b-r02/B1/t/63439ce31f4b7759,T2,e3/b/e3b-r02/B1/t/e7d4a0061fd5aeed,T1,0.9031815227221882,0,2,0.5
B1,formal-r02,5,e3/b/e3b-r02/B1/t/8fbc4d9d327931b9,T3,e3/b/e3b-r02/B1/t/da30c38f299a109d,T3,0.914428781837448,1,1,1.0
B1,formal-r02,5,e3/b/e3b-r02/B1/t/96080a672965d3fa,T5,e3/b/e3b-r02/B1/t/b0c657dd44279595,T5,0.978832521880115,1,1,1.0
B1,formal-r02,5,e3/b/e3b-r02/B1/t/b02432f805b89568,T6,e3/b/e3b-r02/B1/t/434558ec0caf1182,T6,0.9654833738812038,1,1,1.0
B1,formal-r02,5,e3/b/e3b-r02/B1/t/c5b2daf2c3ea0a1e,T7,e3/b/e3b-r02/B1/t/ace05b64dafcc019,T7,0.925656412668815,1,1,1.0
B1,formal-r02,5,e3/b/e3b-r02/B1/t/e044c681afffedd9,T8,e3/b/e3b-r02/B1/t/f97c2deeec811d0a,T8,0.9836626706820628,1,1,1.0
B1,formal-r02,6,e3/b/e3b-r02/B1/t/434558ec0caf1182,T6,e3/b/e3b-r02/B1/t/cd0858326320c412,T6,0.9317705904007182,1,1,1.0
B1,formal-r02,6,e3/b/e3b-r02/B1/t/a0be5c130ac6825a,T4,e3/b/e3b-r02/B1/t/65c45f1daaf2f645,T4,0.9130798710770909,1,1,1.0
B1,formal-r02,6,e3/b/e3b-r02/B1/t/ace05b64dafcc019,T7,e3/b/e3b-r02/B1/t/e661a338365e3751,T7,0.9752732989975896,1,1,1.0
B1,formal-r02,6,e3/b/e3b-r02/B1/t/b0c657dd44279595,T5,e3/b/e3b-r02/B1/t/fe2b58a098c656b8,T5,0.9896428078896579,1,1,1.0
B1,formal-r02,6,e3/b/e3b-r02/B1/t/da30c38f299a109d,T3,e3/b/e3b-r02/B1/t/b71b290658891f1a,T3,0.8816772808123047,1,1,1.0
B1,formal-r02,6,e3/b/e3b-r02/B1/t/e12184dc4f83e938,T2,e3/b/e3b-r02/B1/t/448503c1afe74d0a,T2,0.9345911479214984,1,1,1.0
B1,formal-r02,6,e3/b/e3b-r02/B1/t/e7d4a0061fd5aeed,T1,e3/b/e3b-r02/B1/t/bb1c590d2d98af65,T1,0.8349071009940119,1,1,1.0
B1,formal-r02,6,e3/b/e3b-r02/B1/t/f97c2deeec811d0a,T8,e3/b/e3b-r02/B1/t/4c36f64626c4df19,T8,0.9792440952660838,1,1,1.0
B1,formal-r02,7,e3/b/e3b-r02/B1/t/448503c1afe74d0a,T2,e3/b/e3b-r02/B1/t/53457e283d0481a5,T2,0.935030282834843,1,1,1.0
B1,formal-r02,7,e3/b/e3b-r02/B1/t/4c36f64626c4df19,T8,e3/b/e3b-r02/B1/t/b483be9a7248e095,T8,0.9791625318779736,1,1,1.0
B1,formal-r02,7,e3/b/e3b-r02/B1/t/65c45f1daaf2f645,T4,e3/b/e3b-r02/B1/t/66fa663b41ced85f,T4,0.9567358544381079,1,1,1.0
B1,formal-r02,7,e3/b/e3b-r02/B1/t/b71b290658891f1a,T3,e3/b/e3b-r02/B1/t/b41bdbaf5dc18dd0,T3,0.8990456544158723,1,1,1.0
B1,formal-r02,7,e3/b/e3b-r02/B1/t/bb1c590d2d98af65,T1,e3/b/e3b-r02/B1/t/47d9f7508d1cf712,T1,0.8380103596156495,1,1,1.0
B1,formal-r02,7,e3/b/e3b-r02/B1/t/cd0858326320c412,T6,e3/b/e3b-r02/B1/t/758be68c4cdd02bb,T6,0.9646031925029089,1,1,1.0
B1,formal-r02,7,e3/b/e3b-r02/B1/t/e661a338365e3751,T7,e3/b/e3b-r02/B1/t/cfa6dabd940b2d21,T7,0.959306091964651,1,1,1.0
B1,formal-r02,7,e3/b/e3b-r02/B1/t/fe2b58a098c656b8,T5,e3/b/e3b-r02/B1/t/43277480b5ea4f36,T5,0.9825154792627376,1,1,1.0
B1,formal-r02,8,e3/b/e3b-r02/B1/t/43277480b5ea4f36,T5,e3/b/e3b-r02/B1/t/1494adb69fc02cad,T5,0.9601290764343431,1,1,1.0
B1,formal-r02,8,e3/b/e3b-r02/B1/t/47d9f7508d1cf712,T1,e3/b/e3b-r02/B1/t/8e31024813c4188a,T1,0.9252735582889221,1,1,1.0
B1,formal-r02,8,e3/b/e3b-r02/B1/t/53457e283d0481a5,T2,e3/b/e3b-r02/B1/t/bab4cdc9f001ea77,T2,0.8927423869091533,1,1,1.0
B1,formal-r02,8,e3/b/e3b-r02/B1/t/66fa663b41ced85f,T4,e3/b/e3b-r02/B1/t/47b96530e0a5dd91,T4,0.947530709771726,1,1,1.0
B1,formal-r02,8,e3/b/e3b-r02/B1/t/758be68c4cdd02bb,T6,e3/b/e3b-r02/B1/t/de8a4bdf2c1c8b6a,T6,0.8990989076254161,1,1,1.0
B1,formal-r02,8,e3/b/e3b-r02/B1/t/b41bdbaf5dc18dd0,T3,e3/b/e3b-r02/B1/t/da9197c0960249e4,T3,0.9265547603620099,1,1,1.0
B1,formal-r02,8,e3/b/e3b-r02/B1/t/b483be9a7248e095,T8,e3/b/e3b-r02/B1/t/b622620530fc88c8,T8,0.9916764861476196,1,1,1.0
B1,formal-r02,8,e3/b/e3b-r02/B1/t/cfa6dabd940b2d21,T7,e3/b/e3b-r02/B1/t/51a6550db3f4a326,T7,0.9634374062178045,1,1,1.0
B1,formal-r02,9,e3/b/e3b-r02/B1/t/1494adb69fc02cad,T5,e3/b/e3b-r02/B1/t/cf79531ff45c5342,T5,0.8948983553438881,1,1,1.0
B1,formal-r02,9,e3/b/e3b-r02/B1/t/47b96530e0a5dd91,T4,e3/b/e3b-r02/B1/t/621a0dc700ee1e37,T4,0.9145728812869302,1,1,1.0
B1,formal-r02,9,e3/b/e3b-r02/B1/t/51a6550db3f4a326,T7,e3/b/e3b-r02/B1/t/c70aa3041f19f319,T7,0.9469416701262817,1,1,1.0
B1,formal-r02,9,e3/b/e3b-r02/B1/t/8e31024813c4188a,T1,e3/b/e3b-r02/B1/t/7b5cc8186772b5e7,T1,0.9398854640169052,1,1,1.0
B1,formal-r02,9,e3/b/e3b-r02/B1/t/b622620530fc88c8,T8,e3/b/e3b-r02/B1/t/097b66fcdff5a616,T8,0.9800462165101325,1,1,1.0
B1,formal-r02,9,e3/b/e3b-r02/B1/t/bab4cdc9f001ea77,T2,e3/b/e3b-r02/B1/t/dbff6c6eb6c03f67,T2,0.8598966249631894,1,2,0.5
B1,formal-r02,9,e3/b/e3b-r02/B1/t/da9197c0960249e4,T3,e3/b/e3b-r02/B1/t/2037bff82501d551,T3,0.9192205168065487,1,1,1.0
B1,formal-r02,9,e3/b/e3b-r02/B1/t/de8a4bdf2c1c8b6a,T6,e3/b/e3b-r02/B1/t/5dc787299e6deb5d,T6,0.9604760886918922,1,1,1.0
B1,formal-r02,10,e3/b/e3b-r02/B1/t/097b66fcdff5a616,T8,e3/b/e3b-r02/B1/t/aaf346766ab6a375,T8,0.9463471805008976,1,1,1.0
B1,formal-r02,10,e3/b/e3b-r02/B1/t/2037bff82501d551,T3,e3/b/e3b-r02/B1/t/7f86e4d0e0d649b7,T3,0.9225549980680635,1,1,1.0
B1,formal-r02,10,e3/b/e3b-r02/B1/t/5dc787299e6deb5d,T6,e3/b/e3b-r02/B1/t/c8d20bb24b652d3b,T6,0.9734414943382534,1,1,1.0
B1,formal-r02,10,e3/b/e3b-r02/B1/t/621a0dc700ee1e37,T4,e3/b/e3b-r02/B1/t/5b205583566616c8,T4,0.9553566103744038,1,1,1.0
B1,formal-r02,10,e3/b/e3b-r02/B1/t/7b5cc8186772b5e7,T1,e3/b/e3b-r02/B1/t/f46d0c54af88689b,T1,0.9359730696380965,1,1,1.0
B1,formal-r02,10,e3/b/e3b-r02/B1/t/c70aa3041f19f319,T7,e3/b/e3b-r02/B1/t/de8e83f87feea62c,T7,0.9375936745820197,1,1,1.0
B1,formal-r02,10,e3/b/e3b-r02/B1/t/cf79531ff45c5342,T5,e3/b/e3b-r02/B1/t/5adec54984b3cbfe,T5,0.9779584995770422,1,1,1.0
B1,formal-r02,10,e3/b/e3b-r02/B1/t/dbff6c6eb6c03f67,T2,e3/b/e3b-r02/B1/t/c942c0492e2d3fc0,T2,0.9629105448743791,1,1,1.0
B1,formal-r02,11,e3/b/e3b-r02/B1/t/5adec54984b3cbfe,T5,e3/b/e3b-r02/B1/t/6edbf2fcbe0a7697,T5,0.9538101292763387,1,1,1.0
B1,formal-r02,11,e3/b/e3b-r02/B1/t/5b205583566616c8,T4,e3/b/e3b-r02/B1/t/b79617bc47cf804c,T4,0.91247835807069,1,1,1.0
B1,formal-r02,11,e3/b/e3b-r02/B1/t/7f86e4d0e0d649b7,T3,e3/b/e3b-r02/B1/t/464abb2066f83d14,T3,0.9504657628678193,1,1,1.0
B1,formal-r02,11,e3/b/e3b-r02/B1/t/aaf346766ab6a375,T8,e3/b/e3b-r02/B1/t/d58801e98b204e3c,T8,0.9762235505815055,1,1,1.0
B1,formal-r02,11,e3/b/e3b-r02/B1/t/c8d20bb24b652d3b,T6,e3/b/e3b-r02/B1/t/510e994dc5793b19,T6,0.9477687916409371,1,1,1.0
B1,formal-r02,11,e3/b/e3b-r02/B1/t/c942c0492e2d3fc0,T2,e3/b/e3b-r02/B1/t/b73161f7032334da,T2,0.8182139290659243,1,1,1.0
B1,formal-r02,11,e3/b/e3b-r02/B1/t/de8e83f87feea62c,T7,e3/b/e3b-r02/B1/t/84391a9d47ebfcb0,T7,0.9252326613160652,1,1,1.0
B1,formal-r02,11,e3/b/e3b-r02/B1/t/f46d0c54af88689b,T1,e3/b/e3b-r02/B1/t/a7bbc12bd2b8753e,T1,0.8914275078266916,1,2,0.5
B1,formal-r03,1,e3/b/e3b-r03/B1/t/202c56e4219089e9,T4,e3/b/e3b-r03/B1/t/9227f397f7cb2551,T4,0.9128893061470298,1,1,1.0
B1,formal-r03,1,e3/b/e3b-r03/B1/t/605bb329bb012708,T1,e3/b/e3b-r03/B1/t/517c8a1cce2bd7bf,T2,0.7598585524410854,0,1,1.0
B1,formal-r03,1,e3/b/e3b-r03/B1/t/7cfd61be72e35500,T7,e3/b/e3b-r03/B1/t/e1d74f3f1b76e0a9,T7,0.9729020222525544,1,1,1.0
B1,formal-r03,1,e3/b/e3b-r03/B1/t/ae64435abe8e3c16,T5,e3/b/e3b-r03/B1/t/32bdbae46cc3dac9,T5,0.9614757206847381,1,1,1.0
B1,formal-r03,1,e3/b/e3b-r03/B1/t/ba5f8a1d95843797,T8,e3/b/e3b-r03/B1/t/fddb2ddc6235edf8,T8,0.9856293982768705,1,1,1.0
B1,formal-r03,1,e3/b/e3b-r03/B1/t/cc79c06b727106b8,T2,e3/b/e3b-r03/B1/t/df4e98b8159beecb,T1,0.9180608609886599,0,2,0.5
B1,formal-r03,1,e3/b/e3b-r03/B1/t/dd8a540198a261ac,T3,e3/b/e3b-r03/B1/t/5bfc67769857956f,T3,0.9460039229074733,1,1,1.0
B1,formal-r03,1,e3/b/e3b-r03/B1/t/f927884893f8a997,T6,e3/b/e3b-r03/B1/t/a8285a017ec90c71,T6,0.9679789723446282,1,1,1.0
B1,formal-r03,2,e3/b/e3b-r03/B1/t/32bdbae46cc3dac9,T5,e3/b/e3b-r03/B1/t/5a8f5762be5989bb,T5,0.9308655403136096,1,1,1.0
B1,formal-r03,2,e3/b/e3b-r03/B1/t/517c8a1cce2bd7bf,T2,e3/b/e3b-r03/B1/t/a78e8e0a30b716ed,T2,0.8622499906527192,1,1,1.0
B1,formal-r03,2,e3/b/e3b-r03/B1/t/5bfc67769857956f,T3,e3/b/e3b-r03/B1/t/f774699413d07345,T3,0.9542943009531442,1,1,1.0
B1,formal-r03,2,e3/b/e3b-r03/B1/t/9227f397f7cb2551,T4,e3/b/e3b-r03/B1/t/3f304c61f7394b83,T4,0.9277267738732522,1,1,1.0
B1,formal-r03,2,e3/b/e3b-r03/B1/t/a8285a017ec90c71,T6,e3/b/e3b-r03/B1/t/153c2cd095ac3d7d,T6,0.9319683641999557,1,1,1.0
B1,formal-r03,2,e3/b/e3b-r03/B1/t/df4e98b8159beecb,T1,e3/b/e3b-r03/B1/t/757451f7fcca8f6a,T1,0.9447921023681256,1,1,1.0
B1,formal-r03,2,e3/b/e3b-r03/B1/t/e1d74f3f1b76e0a9,T7,e3/b/e3b-r03/B1/t/f91516d68c74f265,T7,0.9559776127567448,1,1,1.0
B1,formal-r03,2,e3/b/e3b-r03/B1/t/fddb2ddc6235edf8,T8,e3/b/e3b-r03/B1/t/82c26d58e2f268fc,T8,0.9863042742015538,1,1,1.0
B1,formal-r03,3,e3/b/e3b-r03/B1/t/153c2cd095ac3d7d,T6,e3/b/e3b-r03/B1/t/74dd7d25052a2f95,T6,0.9403021339201278,1,1,1.0
B1,formal-r03,3,e3/b/e3b-r03/B1/t/3f304c61f7394b83,T4,e3/b/e3b-r03/B1/t/4e20e53d9a309386,T4,0.9517202543378129,1,1,1.0
B1,formal-r03,3,e3/b/e3b-r03/B1/t/5a8f5762be5989bb,T5,e3/b/e3b-r03/B1/t/128eee962e30ee12,T5,0.9709898705385261,1,1,1.0
B1,formal-r03,3,e3/b/e3b-r03/B1/t/757451f7fcca8f6a,T1,e3/b/e3b-r03/B1/t/3072fcfe96abd8e9,T1,0.8779468495685995,1,1,1.0
B1,formal-r03,3,e3/b/e3b-r03/B1/t/82c26d58e2f268fc,T8,e3/b/e3b-r03/B1/t/1a0c4a3908b226f7,T8,0.9695210772449704,1,1,1.0
B1,formal-r03,3,e3/b/e3b-r03/B1/t/a78e8e0a30b716ed,T2,e3/b/e3b-r03/B1/t/4133f42c93bb42cf,T2,0.8185146566668028,1,2,0.5
B1,formal-r03,3,e3/b/e3b-r03/B1/t/f774699413d07345,T3,e3/b/e3b-r03/B1/t/732bcf16995a112b,T3,0.9529765328088863,1,1,1.0
B1,formal-r03,3,e3/b/e3b-r03/B1/t/f91516d68c74f265,T7,e3/b/e3b-r03/B1/t/324c5e4459ddd3ca,T7,0.9720260857550631,1,1,1.0
B1,formal-r03,4,e3/b/e3b-r03/B1/t/128eee962e30ee12,T5,e3/b/e3b-r03/B1/t/96080a672965d3fa,T5,0.972100618615675,1,1,1.0
B1,formal-r03,4,e3/b/e3b-r03/B1/t/1a0c4a3908b226f7,T8,e3/b/e3b-r03/B1/t/e044c681afffedd9,T8,0.9682246730463911,1,1,1.0
B1,formal-r03,4,e3/b/e3b-r03/B1/t/3072fcfe96abd8e9,T1,e3/b/e3b-r03/B1/t/01ef445f5669bda6,T1,0.970693771885995,1,1,1.0
B1,formal-r03,4,e3/b/e3b-r03/B1/t/324c5e4459ddd3ca,T7,e3/b/e3b-r03/B1/t/c5b2daf2c3ea0a1e,T7,0.9692019441705927,1,1,1.0
B1,formal-r03,4,e3/b/e3b-r03/B1/t/4133f42c93bb42cf,T2,e3/b/e3b-r03/B1/t/63439ce31f4b7759,T2,0.9296172686331193,1,1,1.0
B1,formal-r03,4,e3/b/e3b-r03/B1/t/4e20e53d9a309386,T4,e3/b/e3b-r03/B1/t/2423e4aa467142ba,T4,0.9672396703171025,1,1,1.0
B1,formal-r03,4,e3/b/e3b-r03/B1/t/732bcf16995a112b,T3,e3/b/e3b-r03/B1/t/8fbc4d9d327931b9,T3,0.9438836601143411,1,1,1.0
B1,formal-r03,4,e3/b/e3b-r03/B1/t/74dd7d25052a2f95,T6,e3/b/e3b-r03/B1/t/b02432f805b89568,T6,0.9295846549524573,1,1,1.0
B1,formal-r03,5,e3/b/e3b-r03/B1/t/01ef445f5669bda6,T1,e3/b/e3b-r03/B1/t/e7d4a0061fd5aeed,T1,0.8621437206633183,1,1,1.0
B1,formal-r03,5,e3/b/e3b-r03/B1/t/2423e4aa467142ba,T4,e3/b/e3b-r03/B1/t/a0be5c130ac6825a,T4,0.9343358940808805,1,1,1.0
B1,formal-r03,5,e3/b/e3b-r03/B1/t/63439ce31f4b7759,T2,e3/b/e3b-r03/B1/t/e12184dc4f83e938,T2,0.9037444539969155,1,2,0.5
B1,formal-r03,5,e3/b/e3b-r03/B1/t/8fbc4d9d327931b9,T3,e3/b/e3b-r03/B1/t/da30c38f299a109d,T3,0.9249458369161109,1,1,1.0
B1,formal-r03,5,e3/b/e3b-r03/B1/t/96080a672965d3fa,T5,e3/b/e3b-r03/B1/t/b0c657dd44279595,T5,0.9539790422883616,1,1,1.0
B1,formal-r03,5,e3/b/e3b-r03/B1/t/b02432f805b89568,T6,e3/b/e3b-r03/B1/t/434558ec0caf1182,T6,0.9695471415542845,1,1,1.0
B1,formal-r03,5,e3/b/e3b-r03/B1/t/c5b2daf2c3ea0a1e,T7,e3/b/e3b-r03/B1/t/ace05b64dafcc019,T7,0.9750659862639587,1,1,1.0
B1,formal-r03,5,e3/b/e3b-r03/B1/t/e044c681afffedd9,T8,e3/b/e3b-r03/B1/t/f97c2deeec811d0a,T8,0.9769421677457899,1,1,1.0
B1,formal-r03,6,e3/b/e3b-r03/B1/t/434558ec0caf1182,T6,e3/b/e3b-r03/B1/t/cd0858326320c412,T6,0.9627722387005573,1,1,1.0
B1,formal-r03,6,e3/b/e3b-r03/B1/t/a0be5c130ac6825a,T4,e3/b/e3b-r03/B1/t/65c45f1daaf2f645,T4,0.9894832294361067,1,1,1.0
B1,formal-r03,6,e3/b/e3b-r03/B1/t/ace05b64dafcc019,T7,e3/b/e3b-r03/B1/t/e661a338365e3751,T7,0.9556825807863664,1,1,1.0
B1,formal-r03,6,e3/b/e3b-r03/B1/t/b0c657dd44279595,T5,e3/b/e3b-r03/B1/t/fe2b58a098c656b8,T5,0.9558739464804131,1,1,1.0
B1,formal-r03,6,e3/b/e3b-r03/B1/t/da30c38f299a109d,T3,e3/b/e3b-r03/B1/t/b71b290658891f1a,T3,0.9430626010486778,1,1,1.0
B1,formal-r03,6,e3/b/e3b-r03/B1/t/e12184dc4f83e938,T2,e3/b/e3b-r03/B1/t/448503c1afe74d0a,T2,0.9023689406263359,1,1,1.0
B1,formal-r03,6,e3/b/e3b-r03/B1/t/e7d4a0061fd5aeed,T1,e3/b/e3b-r03/B1/t/bb1c590d2d98af65,T1,0.8350222887597666,1,2,0.5
B1,formal-r03,6,e3/b/e3b-r03/B1/t/f97c2deeec811d0a,T8,e3/b/e3b-r03/B1/t/4c36f64626c4df19,T8,0.9554824322472868,1,1,1.0
B1,formal-r03,7,e3/b/e3b-r03/B1/t/448503c1afe74d0a,T2,e3/b/e3b-r03/B1/t/53457e283d0481a5,T2,0.9565626077150919,1,1,1.0
B1,formal-r03,7,e3/b/e3b-r03/B1/t/4c36f64626c4df19,T8,e3/b/e3b-r03/B1/t/b483be9a7248e095,T8,0.9608076300814963,1,1,1.0
B1,formal-r03,7,e3/b/e3b-r03/B1/t/65c45f1daaf2f645,T4,e3/b/e3b-r03/B1/t/66fa663b41ced85f,T4,0.8800576273959914,1,1,1.0
B1,formal-r03,7,e3/b/e3b-r03/B1/t/b71b290658891f1a,T3,e3/b/e3b-r03/B1/t/b41bdbaf5dc18dd0,T3,0.9334482913215975,1,1,1.0
B1,formal-r03,7,e3/b/e3b-r03/B1/t/bb1c590d2d98af65,T1,e3/b/e3b-r03/B1/t/47d9f7508d1cf712,T1,0.9301337592325641,1,1,1.0
B1,formal-r03,7,e3/b/e3b-r03/B1/t/cd0858326320c412,T6,e3/b/e3b-r03/B1/t/758be68c4cdd02bb,T6,0.9671430478445109,1,1,1.0
B1,formal-r03,7,e3/b/e3b-r03/B1/t/e661a338365e3751,T7,e3/b/e3b-r03/B1/t/cfa6dabd940b2d21,T7,0.9833482391289698,1,1,1.0
B1,formal-r03,7,e3/b/e3b-r03/B1/t/fe2b58a098c656b8,T5,e3/b/e3b-r03/B1/t/43277480b5ea4f36,T5,0.9782674513741354,1,1,1.0
B1,formal-r03,8,e3/b/e3b-r03/B1/t/43277480b5ea4f36,T5,e3/b/e3b-r03/B1/t/1494adb69fc02cad,T5,0.9551396514029258,1,1,1.0
B1,formal-r03,8,e3/b/e3b-r03/B1/t/47d9f7508d1cf712,T1,e3/b/e3b-r03/B1/t/8e31024813c4188a,T1,0.9615835935600403,1,1,1.0
B1,formal-r03,8,e3/b/e3b-r03/B1/t/53457e283d0481a5,T2,e3/b/e3b-r03/B1/t/bab4cdc9f001ea77,T2,0.9346359034008878,1,1,1.0
B1,formal-r03,8,e3/b/e3b-r03/B1/t/66fa663b41ced85f,T4,e3/b/e3b-r03/B1/t/47b96530e0a5dd91,T4,0.95600982616508,1,1,1.0
B1,formal-r03,8,e3/b/e3b-r03/B1/t/758be68c4cdd02bb,T6,e3/b/e3b-r03/B1/t/de8a4bdf2c1c8b6a,T6,0.9723797804338287,1,1,1.0
B1,formal-r03,8,e3/b/e3b-r03/B1/t/b41bdbaf5dc18dd0,T3,e3/b/e3b-r03/B1/t/da9197c0960249e4,T3,0.9439289555265513,1,1,1.0
B1,formal-r03,8,e3/b/e3b-r03/B1/t/b483be9a7248e095,T8,e3/b/e3b-r03/B1/t/b622620530fc88c8,T8,0.9717750246184145,1,1,1.0
B1,formal-r03,8,e3/b/e3b-r03/B1/t/cfa6dabd940b2d21,T7,e3/b/e3b-r03/B1/t/51a6550db3f4a326,T7,0.9795846189696679,1,1,1.0
B1,formal-r03,9,e3/b/e3b-r03/B1/t/1494adb69fc02cad,T5,e3/b/e3b-r03/B1/t/cf79531ff45c5342,T5,0.9588753628039649,1,1,1.0
B1,formal-r03,9,e3/b/e3b-r03/B1/t/47b96530e0a5dd91,T4,e3/b/e3b-r03/B1/t/621a0dc700ee1e37,T4,0.941046225623268,1,1,1.0
B1,formal-r03,9,e3/b/e3b-r03/B1/t/51a6550db3f4a326,T7,e3/b/e3b-r03/B1/t/c70aa3041f19f319,T7,0.9754075936727801,1,1,1.0
B1,formal-r03,9,e3/b/e3b-r03/B1/t/8e31024813c4188a,T1,e3/b/e3b-r03/B1/t/7b5cc8186772b5e7,T1,0.9668429315586267,1,1,1.0
B1,formal-r03,9,e3/b/e3b-r03/B1/t/b622620530fc88c8,T8,e3/b/e3b-r03/B1/t/097b66fcdff5a616,T8,0.9740856469041743,1,1,1.0
B1,formal-r03,9,e3/b/e3b-r03/B1/t/bab4cdc9f001ea77,T2,e3/b/e3b-r03/B1/t/dbff6c6eb6c03f67,T2,0.8475269548662675,1,1,1.0
B1,formal-r03,9,e3/b/e3b-r03/B1/t/da9197c0960249e4,T3,e3/b/e3b-r03/B1/t/2037bff82501d551,T3,0.9702908961840512,1,1,1.0
B1,formal-r03,9,e3/b/e3b-r03/B1/t/de8a4bdf2c1c8b6a,T6,e3/b/e3b-r03/B1/t/5dc787299e6deb5d,T6,0.9287511631852486,1,1,1.0
B1,formal-r03,10,e3/b/e3b-r03/B1/t/097b66fcdff5a616,T8,e3/b/e3b-r03/B1/t/aaf346766ab6a375,T8,0.9604131205514741,1,1,1.0
B1,formal-r03,10,e3/b/e3b-r03/B1/t/2037bff82501d551,T3,e3/b/e3b-r03/B1/t/7f86e4d0e0d649b7,T3,0.8926340072628968,1,1,1.0
B1,formal-r03,10,e3/b/e3b-r03/B1/t/5dc787299e6deb5d,T6,e3/b/e3b-r03/B1/t/c8d20bb24b652d3b,T6,0.8860964035544673,1,1,1.0
B1,formal-r03,10,e3/b/e3b-r03/B1/t/621a0dc700ee1e37,T4,e3/b/e3b-r03/B1/t/5b205583566616c8,T4,0.9505056272232092,1,1,1.0
B1,formal-r03,10,e3/b/e3b-r03/B1/t/7b5cc8186772b5e7,T1,e3/b/e3b-r03/B1/t/f46d0c54af88689b,T1,0.9230455396452332,1,2,0.5
B1,formal-r03,10,e3/b/e3b-r03/B1/t/c70aa3041f19f319,T7,e3/b/e3b-r03/B1/t/de8e83f87feea62c,T7,0.9681802639668926,1,1,1.0
B1,formal-r03,10,e3/b/e3b-r03/B1/t/cf79531ff45c5342,T5,e3/b/e3b-r03/B1/t/5adec54984b3cbfe,T5,0.9636431181822556,1,1,1.0
B1,formal-r03,10,e3/b/e3b-r03/B1/t/dbff6c6eb6c03f67,T2,e3/b/e3b-r03/B1/t/c942c0492e2d3fc0,T2,0.9252884438886321,1,1,1.0
B1,formal-r03,11,e3/b/e3b-r03/B1/t/5adec54984b3cbfe,T5,e3/b/e3b-r03/B1/t/6edbf2fcbe0a7697,T5,0.9614958267511371,1,1,1.0
B1,formal-r03,11,e3/b/e3b-r03/B1/t/5b205583566616c8,T4,e3/b/e3b-r03/B1/t/b79617bc47cf804c,T4,0.9594956051089168,1,1,1.0
B1,formal-r03,11,e3/b/e3b-r03/B1/t/7f86e4d0e0d649b7,T3,e3/b/e3b-r03/B1/t/464abb2066f83d14,T3,0.9551076018320354,1,1,1.0
B1,formal-r03,11,e3/b/e3b-r03/B1/t/aaf346766ab6a375,T8,e3/b/e3b-r03/B1/t/d58801e98b204e3c,T8,0.9580535491327958,1,1,1.0
B1,formal-r03,11,e3/b/e3b-r03/B1/t/c8d20bb24b652d3b,T6,e3/b/e3b-r03/B1/t/510e994dc5793b19,T6,0.9740318269009198,1,1,1.0
B1,formal-r03,11,e3/b/e3b-r03/B1/t/c942c0492e2d3fc0,T2,e3/b/e3b-r03/B1/t/a7bbc12bd2b8753e,T1,0.9110314861749114,0,2,0.5
B1,formal-r03,11,e3/b/e3b-r03/B1/t/de8e83f87feea62c,T7,e3/b/e3b-r03/B1/t/84391a9d47ebfcb0,T7,0.9572255622462508,1,1,1.0
B1,formal-r03,11,e3/b/e3b-r03/B1/t/f46d0c54af88689b,T1,e3/b/e3b-r03/B1/t/b73161f7032334da,T2,0.694331100640382,0,1,1.0
B1,formal-r04,1,e3/b/e3b-r04/B1/t/202c56e4219089e9,T4,e3/b/e3b-r04/B1/t/9227f397f7cb2551,T4,0.903508219918272,1,1,1.0
B1,formal-r04,1,e3/b/e3b-r04/B1/t/605bb329bb012708,T1,e3/b/e3b-r04/B1/t/df4e98b8159beecb,T1,0.959043092158707,1,1,1.0
B1,formal-r04,1,e3/b/e3b-r04/B1/t/7cfd61be72e35500,T7,e3/b/e3b-r04/B1/t/e1d74f3f1b76e0a9,T7,0.9780060859596225,1,1,1.0
B1,formal-r04,1,e3/b/e3b-r04/B1/t/ae64435abe8e3c16,T5,e3/b/e3b-r04/B1/t/32bdbae46cc3dac9,T5,0.9475199677500078,1,1,1.0
B1,formal-r04,1,e3/b/e3b-r04/B1/t/ba5f8a1d95843797,T8,e3/b/e3b-r04/B1/t/fddb2ddc6235edf8,T8,0.9668156182063542,1,1,1.0
B1,formal-r04,1,e3/b/e3b-r04/B1/t/cc79c06b727106b8,T2,e3/b/e3b-r04/B1/t/517c8a1cce2bd7bf,T2,0.9400323077952185,1,1,1.0
B1,formal-r04,1,e3/b/e3b-r04/B1/t/dd8a540198a261ac,T3,e3/b/e3b-r04/B1/t/5bfc67769857956f,T3,0.9547628511678542,1,1,1.0
B1,formal-r04,1,e3/b/e3b-r04/B1/t/f927884893f8a997,T6,e3/b/e3b-r04/B1/t/a8285a017ec90c71,T6,0.9059869110234355,1,1,1.0
B1,formal-r04,2,e3/b/e3b-r04/B1/t/32bdbae46cc3dac9,T5,e3/b/e3b-r04/B1/t/5a8f5762be5989bb,T5,0.9616198810940897,1,1,1.0
B1,formal-r04,2,e3/b/e3b-r04/B1/t/517c8a1cce2bd7bf,T2,e3/b/e3b-r04/B1/t/a78e8e0a30b716ed,T2,0.9266019392950506,1,1,1.0
B1,formal-r04,2,e3/b/e3b-r04/B1/t/5bfc67769857956f,T3,e3/b/e3b-r04/B1/t/f774699413d07345,T3,0.8663093214200911,1,1,1.0
B1,formal-r04,2,e3/b/e3b-r04/B1/t/9227f397f7cb2551,T4,e3/b/e3b-r04/B1/t/3f304c61f7394b83,T4,0.9261014198980467,1,1,1.0
B1,formal-r04,2,e3/b/e3b-r04/B1/t/a8285a017ec90c71,T6,e3/b/e3b-r04/B1/t/153c2cd095ac3d7d,T6,0.9517970865162776,1,1,1.0
B1,formal-r04,2,e3/b/e3b-r04/B1/t/df4e98b8159beecb,T1,e3/b/e3b-r04/B1/t/757451f7fcca8f6a,T1,0.9384537151948158,1,1,1.0
B1,formal-r04,2,e3/b/e3b-r04/B1/t/e1d74f3f1b76e0a9,T7,e3/b/e3b-r04/B1/t/f91516d68c74f265,T7,0.9602933813374586,1,1,1.0
B1,formal-r04,2,e3/b/e3b-r04/B1/t/fddb2ddc6235edf8,T8,e3/b/e3b-r04/B1/t/82c26d58e2f268fc,T8,0.9945240855754006,1,1,1.0
B1,formal-r04,3,e3/b/e3b-r04/B1/t/153c2cd095ac3d7d,T6,e3/b/e3b-r04/B1/t/74dd7d25052a2f95,T6,0.9572934562729222,1,1,1.0
B1,formal-r04,3,e3/b/e3b-r04/B1/t/3f304c61f7394b83,T4,e3/b/e3b-r04/B1/t/4e20e53d9a309386,T4,0.9619771255592643,1,1,1.0
B1,formal-r04,3,e3/b/e3b-r04/B1/t/5a8f5762be5989bb,T5,e3/b/e3b-r04/B1/t/128eee962e30ee12,T5,0.9501500667436978,1,1,1.0
B1,formal-r04,3,e3/b/e3b-r04/B1/t/757451f7fcca8f6a,T1,e3/b/e3b-r04/B1/t/3072fcfe96abd8e9,T1,0.9485434043299565,1,1,1.0
B1,formal-r04,3,e3/b/e3b-r04/B1/t/82c26d58e2f268fc,T8,e3/b/e3b-r04/B1/t/1a0c4a3908b226f7,T8,0.9820811301566094,1,1,1.0
B1,formal-r04,3,e3/b/e3b-r04/B1/t/a78e8e0a30b716ed,T2,e3/b/e3b-r04/B1/t/4133f42c93bb42cf,T2,0.9119530146174072,1,1,1.0
B1,formal-r04,3,e3/b/e3b-r04/B1/t/f774699413d07345,T3,e3/b/e3b-r04/B1/t/732bcf16995a112b,T3,0.9541623621162852,1,1,1.0
B1,formal-r04,3,e3/b/e3b-r04/B1/t/f91516d68c74f265,T7,e3/b/e3b-r04/B1/t/324c5e4459ddd3ca,T7,0.9437762298015073,1,1,1.0
B1,formal-r04,4,e3/b/e3b-r04/B1/t/128eee962e30ee12,T5,e3/b/e3b-r04/B1/t/96080a672965d3fa,T5,0.9787450823116621,1,1,1.0
B1,formal-r04,4,e3/b/e3b-r04/B1/t/1a0c4a3908b226f7,T8,e3/b/e3b-r04/B1/t/e044c681afffedd9,T8,0.9293812908097049,1,1,1.0
B1,formal-r04,4,e3/b/e3b-r04/B1/t/3072fcfe96abd8e9,T1,e3/b/e3b-r04/B1/t/01ef445f5669bda6,T1,0.8885237769422024,1,1,1.0
B1,formal-r04,4,e3/b/e3b-r04/B1/t/324c5e4459ddd3ca,T7,e3/b/e3b-r04/B1/t/c5b2daf2c3ea0a1e,T7,0.9408720492934542,1,1,1.0
B1,formal-r04,4,e3/b/e3b-r04/B1/t/4133f42c93bb42cf,T2,e3/b/e3b-r04/B1/t/63439ce31f4b7759,T2,0.9411560473336898,1,1,1.0
B1,formal-r04,4,e3/b/e3b-r04/B1/t/4e20e53d9a309386,T4,e3/b/e3b-r04/B1/t/2423e4aa467142ba,T4,0.959135447252875,1,1,1.0
B1,formal-r04,4,e3/b/e3b-r04/B1/t/732bcf16995a112b,T3,e3/b/e3b-r04/B1/t/8fbc4d9d327931b9,T3,0.9635303772510808,1,1,1.0
B1,formal-r04,4,e3/b/e3b-r04/B1/t/74dd7d25052a2f95,T6,e3/b/e3b-r04/B1/t/b02432f805b89568,T6,0.9744371909331584,1,1,1.0
B1,formal-r04,5,e3/b/e3b-r04/B1/t/01ef445f5669bda6,T1,e3/b/e3b-r04/B1/t/e7d4a0061fd5aeed,T1,0.7875881970191239,1,1,1.0
B1,formal-r04,5,e3/b/e3b-r04/B1/t/2423e4aa467142ba,T4,e3/b/e3b-r04/B1/t/a0be5c130ac6825a,T4,0.9355639684953453,1,1,1.0
B1,formal-r04,5,e3/b/e3b-r04/B1/t/63439ce31f4b7759,T2,e3/b/e3b-r04/B1/t/e12184dc4f83e938,T2,0.9593839516358279,1,1,1.0
B1,formal-r04,5,e3/b/e3b-r04/B1/t/8fbc4d9d327931b9,T3,e3/b/e3b-r04/B1/t/da30c38f299a109d,T3,0.9314353862225274,1,1,1.0
B1,formal-r04,5,e3/b/e3b-r04/B1/t/96080a672965d3fa,T5,e3/b/e3b-r04/B1/t/b0c657dd44279595,T5,0.9778607817351755,1,1,1.0
B1,formal-r04,5,e3/b/e3b-r04/B1/t/b02432f805b89568,T6,e3/b/e3b-r04/B1/t/434558ec0caf1182,T6,0.9731322173188223,1,1,1.0
B1,formal-r04,5,e3/b/e3b-r04/B1/t/c5b2daf2c3ea0a1e,T7,e3/b/e3b-r04/B1/t/ace05b64dafcc019,T7,0.9585038347796764,1,1,1.0
B1,formal-r04,5,e3/b/e3b-r04/B1/t/e044c681afffedd9,T8,e3/b/e3b-r04/B1/t/f97c2deeec811d0a,T8,0.9849330286876911,1,1,1.0
B1,formal-r04,6,e3/b/e3b-r04/B1/t/434558ec0caf1182,T6,e3/b/e3b-r04/B1/t/cd0858326320c412,T6,0.9853137393076699,1,1,1.0
B1,formal-r04,6,e3/b/e3b-r04/B1/t/a0be5c130ac6825a,T4,e3/b/e3b-r04/B1/t/65c45f1daaf2f645,T4,0.9106711193936019,1,1,1.0
B1,formal-r04,6,e3/b/e3b-r04/B1/t/ace05b64dafcc019,T7,e3/b/e3b-r04/B1/t/e661a338365e3751,T7,0.9584868836156349,1,1,1.0
B1,formal-r04,6,e3/b/e3b-r04/B1/t/b0c657dd44279595,T5,e3/b/e3b-r04/B1/t/fe2b58a098c656b8,T5,0.9420854393516049,1,1,1.0
B1,formal-r04,6,e3/b/e3b-r04/B1/t/da30c38f299a109d,T3,e3/b/e3b-r04/B1/t/b71b290658891f1a,T3,0.9449137732276882,1,1,1.0
B1,formal-r04,6,e3/b/e3b-r04/B1/t/e12184dc4f83e938,T2,e3/b/e3b-r04/B1/t/448503c1afe74d0a,T2,0.9313892296571377,1,1,1.0
B1,formal-r04,6,e3/b/e3b-r04/B1/t/e7d4a0061fd5aeed,T1,e3/b/e3b-r04/B1/t/bb1c590d2d98af65,T1,0.9668763292240076,1,1,1.0
B1,formal-r04,6,e3/b/e3b-r04/B1/t/f97c2deeec811d0a,T8,e3/b/e3b-r04/B1/t/4c36f64626c4df19,T8,0.9826154309052206,1,1,1.0
B1,formal-r04,7,e3/b/e3b-r04/B1/t/448503c1afe74d0a,T2,e3/b/e3b-r04/B1/t/53457e283d0481a5,T2,0.9319627954606498,1,1,1.0
B1,formal-r04,7,e3/b/e3b-r04/B1/t/4c36f64626c4df19,T8,e3/b/e3b-r04/B1/t/b483be9a7248e095,T8,0.9615501341380787,1,1,1.0
B1,formal-r04,7,e3/b/e3b-r04/B1/t/65c45f1daaf2f645,T4,e3/b/e3b-r04/B1/t/66fa663b41ced85f,T4,0.8745510891387792,1,1,1.0
B1,formal-r04,7,e3/b/e3b-r04/B1/t/b71b290658891f1a,T3,e3/b/e3b-r04/B1/t/b41bdbaf5dc18dd0,T3,0.932107484611477,1,1,1.0
B1,formal-r04,7,e3/b/e3b-r04/B1/t/bb1c590d2d98af65,T1,e3/b/e3b-r04/B1/t/47d9f7508d1cf712,T1,0.900687415926001,1,1,1.0
B1,formal-r04,7,e3/b/e3b-r04/B1/t/cd0858326320c412,T6,e3/b/e3b-r04/B1/t/758be68c4cdd02bb,T6,0.9742432619029976,1,1,1.0
B1,formal-r04,7,e3/b/e3b-r04/B1/t/e661a338365e3751,T7,e3/b/e3b-r04/B1/t/cfa6dabd940b2d21,T7,0.9582379029880259,1,1,1.0
B1,formal-r04,7,e3/b/e3b-r04/B1/t/fe2b58a098c656b8,T5,e3/b/e3b-r04/B1/t/43277480b5ea4f36,T5,0.8886669663148463,1,1,1.0
B1,formal-r04,8,e3/b/e3b-r04/B1/t/43277480b5ea4f36,T5,e3/b/e3b-r04/B1/t/1494adb69fc02cad,T5,0.9042915209172565,1,1,1.0
B1,formal-r04,8,e3/b/e3b-r04/B1/t/47d9f7508d1cf712,T1,e3/b/e3b-r04/B1/t/8e31024813c4188a,T1,0.8983206295898832,1,1,1.0
B1,formal-r04,8,e3/b/e3b-r04/B1/t/53457e283d0481a5,T2,e3/b/e3b-r04/B1/t/bab4cdc9f001ea77,T2,0.8362571091749098,1,1,1.0
B1,formal-r04,8,e3/b/e3b-r04/B1/t/66fa663b41ced85f,T4,e3/b/e3b-r04/B1/t/47b96530e0a5dd91,T4,0.9610607632122197,1,1,1.0
B1,formal-r04,8,e3/b/e3b-r04/B1/t/758be68c4cdd02bb,T6,e3/b/e3b-r04/B1/t/de8a4bdf2c1c8b6a,T6,0.9885554949165616,1,1,1.0
B1,formal-r04,8,e3/b/e3b-r04/B1/t/b41bdbaf5dc18dd0,T3,e3/b/e3b-r04/B1/t/da9197c0960249e4,T3,0.9651172675095716,1,1,1.0
B1,formal-r04,8,e3/b/e3b-r04/B1/t/b483be9a7248e095,T8,e3/b/e3b-r04/B1/t/b622620530fc88c8,T8,0.9379545136422323,1,1,1.0
B1,formal-r04,8,e3/b/e3b-r04/B1/t/cfa6dabd940b2d21,T7,e3/b/e3b-r04/B1/t/51a6550db3f4a326,T7,0.9595502801856259,1,1,1.0
B1,formal-r04,9,e3/b/e3b-r04/B1/t/1494adb69fc02cad,T5,e3/b/e3b-r04/B1/t/cf79531ff45c5342,T5,0.9624263674781117,1,1,1.0
B1,formal-r04,9,e3/b/e3b-r04/B1/t/47b96530e0a5dd91,T4,e3/b/e3b-r04/B1/t/621a0dc700ee1e37,T4,0.9387501799681355,1,1,1.0
B1,formal-r04,9,e3/b/e3b-r04/B1/t/51a6550db3f4a326,T7,e3/b/e3b-r04/B1/t/c70aa3041f19f319,T7,0.9525304853828652,1,1,1.0
B1,formal-r04,9,e3/b/e3b-r04/B1/t/8e31024813c4188a,T1,e3/b/e3b-r04/B1/t/7b5cc8186772b5e7,T1,0.9633457354488644,1,1,1.0
B1,formal-r04,9,e3/b/e3b-r04/B1/t/b622620530fc88c8,T8,e3/b/e3b-r04/B1/t/097b66fcdff5a616,T8,0.9657573245193758,1,1,1.0
B1,formal-r04,9,e3/b/e3b-r04/B1/t/bab4cdc9f001ea77,T2,e3/b/e3b-r04/B1/t/dbff6c6eb6c03f67,T2,0.6513611449413772,1,2,0.5
B1,formal-r04,9,e3/b/e3b-r04/B1/t/da9197c0960249e4,T3,e3/b/e3b-r04/B1/t/2037bff82501d551,T3,0.8895674625473511,1,1,1.0
B1,formal-r04,9,e3/b/e3b-r04/B1/t/de8a4bdf2c1c8b6a,T6,e3/b/e3b-r04/B1/t/5dc787299e6deb5d,T6,0.9467113211207577,1,1,1.0
B1,formal-r04,10,e3/b/e3b-r04/B1/t/097b66fcdff5a616,T8,e3/b/e3b-r04/B1/t/aaf346766ab6a375,T8,0.9613593305403682,1,1,1.0
B1,formal-r04,10,e3/b/e3b-r04/B1/t/2037bff82501d551,T3,e3/b/e3b-r04/B1/t/7f86e4d0e0d649b7,T3,0.904769189301366,1,1,1.0
B1,formal-r04,10,e3/b/e3b-r04/B1/t/5dc787299e6deb5d,T6,e3/b/e3b-r04/B1/t/c8d20bb24b652d3b,T6,0.9697596613598777,1,1,1.0
B1,formal-r04,10,e3/b/e3b-r04/B1/t/621a0dc700ee1e37,T4,e3/b/e3b-r04/B1/t/5b205583566616c8,T4,0.9299596797687725,1,1,1.0
B1,formal-r04,10,e3/b/e3b-r04/B1/t/7b5cc8186772b5e7,T1,e3/b/e3b-r04/B1/t/f46d0c54af88689b,T1,0.9311685925370239,1,1,1.0
B1,formal-r04,10,e3/b/e3b-r04/B1/t/c70aa3041f19f319,T7,e3/b/e3b-r04/B1/t/de8e83f87feea62c,T7,0.9611944291217043,1,1,1.0
B1,formal-r04,10,e3/b/e3b-r04/B1/t/cf79531ff45c5342,T5,e3/b/e3b-r04/B1/t/5adec54984b3cbfe,T5,0.9033230986764674,1,1,1.0
B1,formal-r04,10,e3/b/e3b-r04/B1/t/dbff6c6eb6c03f67,T2,e3/b/e3b-r04/B1/t/c942c0492e2d3fc0,T2,0.8998812872899078,1,1,1.0
B1,formal-r04,11,e3/b/e3b-r04/B1/t/5adec54984b3cbfe,T5,e3/b/e3b-r04/B1/t/6edbf2fcbe0a7697,T5,0.9469376050833758,1,1,1.0
B1,formal-r04,11,e3/b/e3b-r04/B1/t/5b205583566616c8,T4,e3/b/e3b-r04/B1/t/b79617bc47cf804c,T4,0.9411876553519978,1,1,1.0
B1,formal-r04,11,e3/b/e3b-r04/B1/t/7f86e4d0e0d649b7,T3,e3/b/e3b-r04/B1/t/464abb2066f83d14,T3,0.9601252076168637,1,1,1.0
B1,formal-r04,11,e3/b/e3b-r04/B1/t/aaf346766ab6a375,T8,e3/b/e3b-r04/B1/t/d58801e98b204e3c,T8,0.9761641393542533,1,1,1.0
B1,formal-r04,11,e3/b/e3b-r04/B1/t/c8d20bb24b652d3b,T6,e3/b/e3b-r04/B1/t/510e994dc5793b19,T6,0.9467387721831326,1,1,1.0
B1,formal-r04,11,e3/b/e3b-r04/B1/t/c942c0492e2d3fc0,T2,e3/b/e3b-r04/B1/t/b73161f7032334da,T2,0.9680656991780667,1,1,1.0
B1,formal-r04,11,e3/b/e3b-r04/B1/t/de8e83f87feea62c,T7,e3/b/e3b-r04/B1/t/84391a9d47ebfcb0,T7,0.9561528807985784,1,1,1.0
B1,formal-r04,11,e3/b/e3b-r04/B1/t/f46d0c54af88689b,T1,e3/b/e3b-r04/B1/t/a7bbc12bd2b8753e,T1,0.9388364422460974,1,1,1.0
B1,formal-r05,1,e3/b/e3b-r05/B1/t/202c56e4219089e9,T4,e3/b/e3b-r05/B1/t/9227f397f7cb2551,T4,0.9535002172006931,1,1,1.0
B1,formal-r05,1,e3/b/e3b-r05/B1/t/605bb329bb012708,T1,e3/b/e3b-r05/B1/t/df4e98b8159beecb,T1,0.9042300546618134,1,1,1.0
B1,formal-r05,1,e3/b/e3b-r05/B1/t/7cfd61be72e35500,T7,e3/b/e3b-r05/B1/t/e1d74f3f1b76e0a9,T7,0.9749966433770186,1,1,1.0
B1,formal-r05,1,e3/b/e3b-r05/B1/t/ae64435abe8e3c16,T5,e3/b/e3b-r05/B1/t/32bdbae46cc3dac9,T5,0.9247886046750625,1,1,1.0
B1,formal-r05,1,e3/b/e3b-r05/B1/t/ba5f8a1d95843797,T8,e3/b/e3b-r05/B1/t/fddb2ddc6235edf8,T8,0.9559547500669288,1,1,1.0
B1,formal-r05,1,e3/b/e3b-r05/B1/t/cc79c06b727106b8,T2,e3/b/e3b-r05/B1/t/517c8a1cce2bd7bf,T2,0.7230834349753434,1,2,0.5
B1,formal-r05,1,e3/b/e3b-r05/B1/t/dd8a540198a261ac,T3,e3/b/e3b-r05/B1/t/5bfc67769857956f,T3,0.9016531808636303,1,1,1.0
B1,formal-r05,1,e3/b/e3b-r05/B1/t/f927884893f8a997,T6,e3/b/e3b-r05/B1/t/a8285a017ec90c71,T6,0.8763467580307854,1,1,1.0
B1,formal-r05,2,e3/b/e3b-r05/B1/t/32bdbae46cc3dac9,T5,e3/b/e3b-r05/B1/t/5a8f5762be5989bb,T5,0.9583460747191638,1,1,1.0
B1,formal-r05,2,e3/b/e3b-r05/B1/t/517c8a1cce2bd7bf,T2,e3/b/e3b-r05/B1/t/a78e8e0a30b716ed,T2,0.8776104083701791,1,1,1.0
B1,formal-r05,2,e3/b/e3b-r05/B1/t/5bfc67769857956f,T3,e3/b/e3b-r05/B1/t/f774699413d07345,T3,0.8738844062666296,1,1,1.0
B1,formal-r05,2,e3/b/e3b-r05/B1/t/9227f397f7cb2551,T4,e3/b/e3b-r05/B1/t/3f304c61f7394b83,T4,0.9769478579649767,1,1,1.0
B1,formal-r05,2,e3/b/e3b-r05/B1/t/a8285a017ec90c71,T6,e3/b/e3b-r05/B1/t/153c2cd095ac3d7d,T6,0.9615811326299372,1,1,1.0
B1,formal-r05,2,e3/b/e3b-r05/B1/t/df4e98b8159beecb,T1,e3/b/e3b-r05/B1/t/757451f7fcca8f6a,T1,0.94722853473253,1,1,1.0
B1,formal-r05,2,e3/b/e3b-r05/B1/t/e1d74f3f1b76e0a9,T7,e3/b/e3b-r05/B1/t/f91516d68c74f265,T7,0.9780445891070364,1,1,1.0
B1,formal-r05,2,e3/b/e3b-r05/B1/t/fddb2ddc6235edf8,T8,e3/b/e3b-r05/B1/t/82c26d58e2f268fc,T8,0.8633789063244613,1,1,1.0
B1,formal-r05,3,e3/b/e3b-r05/B1/t/153c2cd095ac3d7d,T6,e3/b/e3b-r05/B1/t/74dd7d25052a2f95,T6,0.9606974949475883,1,1,1.0
B1,formal-r05,3,e3/b/e3b-r05/B1/t/3f304c61f7394b83,T4,e3/b/e3b-r05/B1/t/4e20e53d9a309386,T4,0.9763186439488883,1,1,1.0
B1,formal-r05,3,e3/b/e3b-r05/B1/t/5a8f5762be5989bb,T5,e3/b/e3b-r05/B1/t/128eee962e30ee12,T5,0.9450907193718984,1,1,1.0
B1,formal-r05,3,e3/b/e3b-r05/B1/t/757451f7fcca8f6a,T1,e3/b/e3b-r05/B1/t/3072fcfe96abd8e9,T1,0.7397014393143863,1,1,1.0
B1,formal-r05,3,e3/b/e3b-r05/B1/t/82c26d58e2f268fc,T8,e3/b/e3b-r05/B1/t/1a0c4a3908b226f7,T8,0.9607047928789183,1,1,1.0
B1,formal-r05,3,e3/b/e3b-r05/B1/t/a78e8e0a30b716ed,T2,e3/b/e3b-r05/B1/t/4133f42c93bb42cf,T2,0.7686382582499144,1,1,1.0
B1,formal-r05,3,e3/b/e3b-r05/B1/t/f774699413d07345,T3,e3/b/e3b-r05/B1/t/732bcf16995a112b,T3,0.9561699614636563,1,1,1.0
B1,formal-r05,3,e3/b/e3b-r05/B1/t/f91516d68c74f265,T7,e3/b/e3b-r05/B1/t/324c5e4459ddd3ca,T7,0.9791538621024495,1,1,1.0
B1,formal-r05,4,e3/b/e3b-r05/B1/t/128eee962e30ee12,T5,e3/b/e3b-r05/B1/t/96080a672965d3fa,T5,0.9594084356315071,1,1,1.0
B1,formal-r05,4,e3/b/e3b-r05/B1/t/1a0c4a3908b226f7,T8,e3/b/e3b-r05/B1/t/e044c681afffedd9,T8,0.9606556337554892,1,1,1.0
B1,formal-r05,4,e3/b/e3b-r05/B1/t/3072fcfe96abd8e9,T1,e3/b/e3b-r05/B1/t/01ef445f5669bda6,T1,0.755238050318052,1,2,0.5
B1,formal-r05,4,e3/b/e3b-r05/B1/t/324c5e4459ddd3ca,T7,e3/b/e3b-r05/B1/t/c5b2daf2c3ea0a1e,T7,0.9738487538820384,1,1,1.0
B1,formal-r05,4,e3/b/e3b-r05/B1/t/4133f42c93bb42cf,T2,e3/b/e3b-r05/B1/t/63439ce31f4b7759,T2,0.9250689559152739,1,1,1.0
B1,formal-r05,4,e3/b/e3b-r05/B1/t/4e20e53d9a309386,T4,e3/b/e3b-r05/B1/t/2423e4aa467142ba,T4,0.9610070155409686,1,1,1.0
B1,formal-r05,4,e3/b/e3b-r05/B1/t/732bcf16995a112b,T3,e3/b/e3b-r05/B1/t/8fbc4d9d327931b9,T3,0.9515252831185034,1,1,1.0
B1,formal-r05,4,e3/b/e3b-r05/B1/t/74dd7d25052a2f95,T6,e3/b/e3b-r05/B1/t/b02432f805b89568,T6,0.95939629540754,1,1,1.0
B1,formal-r05,5,e3/b/e3b-r05/B1/t/01ef445f5669bda6,T1,e3/b/e3b-r05/B1/t/e7d4a0061fd5aeed,T1,0.9000716113522449,1,1,1.0
B1,formal-r05,5,e3/b/e3b-r05/B1/t/2423e4aa467142ba,T4,e3/b/e3b-r05/B1/t/a0be5c130ac6825a,T4,0.9547558014619046,1,1,1.0
B1,formal-r05,5,e3/b/e3b-r05/B1/t/63439ce31f4b7759,T2,e3/b/e3b-r05/B1/t/e12184dc4f83e938,T2,0.9578135211621184,1,1,1.0
B1,formal-r05,5,e3/b/e3b-r05/B1/t/8fbc4d9d327931b9,T3,e3/b/e3b-r05/B1/t/da30c38f299a109d,T3,0.9040456782769652,1,1,1.0
B1,formal-r05,5,e3/b/e3b-r05/B1/t/96080a672965d3fa,T5,e3/b/e3b-r05/B1/t/b0c657dd44279595,T5,0.9801318838652084,1,1,1.0
B1,formal-r05,5,e3/b/e3b-r05/B1/t/b02432f805b89568,T6,e3/b/e3b-r05/B1/t/434558ec0caf1182,T6,0.9706965323354483,1,1,1.0
B1,formal-r05,5,e3/b/e3b-r05/B1/t/c5b2daf2c3ea0a1e,T7,e3/b/e3b-r05/B1/t/ace05b64dafcc019,T7,0.9617457122698393,1,1,1.0
B1,formal-r05,5,e3/b/e3b-r05/B1/t/e044c681afffedd9,T8,e3/b/e3b-r05/B1/t/f97c2deeec811d0a,T8,0.9827108056162261,1,1,1.0
B1,formal-r05,6,e3/b/e3b-r05/B1/t/434558ec0caf1182,T6,e3/b/e3b-r05/B1/t/cd0858326320c412,T6,0.9625300015667618,1,1,1.0
B1,formal-r05,6,e3/b/e3b-r05/B1/t/a0be5c130ac6825a,T4,e3/b/e3b-r05/B1/t/65c45f1daaf2f645,T4,0.9487894320473536,1,1,1.0
B1,formal-r05,6,e3/b/e3b-r05/B1/t/ace05b64dafcc019,T7,e3/b/e3b-r05/B1/t/e661a338365e3751,T7,0.9838150237682991,1,1,1.0
B1,formal-r05,6,e3/b/e3b-r05/B1/t/b0c657dd44279595,T5,e3/b/e3b-r05/B1/t/fe2b58a098c656b8,T5,0.9311021358958923,1,1,1.0
B1,formal-r05,6,e3/b/e3b-r05/B1/t/da30c38f299a109d,T3,e3/b/e3b-r05/B1/t/b71b290658891f1a,T3,0.9632083148552266,1,1,1.0
B1,formal-r05,6,e3/b/e3b-r05/B1/t/e12184dc4f83e938,T2,e3/b/e3b-r05/B1/t/448503c1afe74d0a,T2,0.9512688403362125,1,1,1.0
B1,formal-r05,6,e3/b/e3b-r05/B1/t/e7d4a0061fd5aeed,T1,e3/b/e3b-r05/B1/t/bb1c590d2d98af65,T1,0.8520327734381248,1,2,0.5
B1,formal-r05,6,e3/b/e3b-r05/B1/t/f97c2deeec811d0a,T8,e3/b/e3b-r05/B1/t/4c36f64626c4df19,T8,0.974528758453913,1,1,1.0
B1,formal-r05,7,e3/b/e3b-r05/B1/t/448503c1afe74d0a,T2,e3/b/e3b-r05/B1/t/53457e283d0481a5,T2,0.8339213135258612,1,1,1.0
B1,formal-r05,7,e3/b/e3b-r05/B1/t/4c36f64626c4df19,T8,e3/b/e3b-r05/B1/t/b483be9a7248e095,T8,0.9517750216997397,1,1,1.0
B1,formal-r05,7,e3/b/e3b-r05/B1/t/65c45f1daaf2f645,T4,e3/b/e3b-r05/B1/t/66fa663b41ced85f,T4,0.967114345678682,1,1,1.0
B1,formal-r05,7,e3/b/e3b-r05/B1/t/b71b290658891f1a,T3,e3/b/e3b-r05/B1/t/b41bdbaf5dc18dd0,T3,0.9483858659866623,1,1,1.0
B1,formal-r05,7,e3/b/e3b-r05/B1/t/bb1c590d2d98af65,T1,e3/b/e3b-r05/B1/t/47d9f7508d1cf712,T1,0.9447547204649812,1,1,1.0
B1,formal-r05,7,e3/b/e3b-r05/B1/t/cd0858326320c412,T6,e3/b/e3b-r05/B1/t/758be68c4cdd02bb,T6,0.9712765412530379,1,1,1.0
B1,formal-r05,7,e3/b/e3b-r05/B1/t/e661a338365e3751,T7,e3/b/e3b-r05/B1/t/cfa6dabd940b2d21,T7,0.9432794646419276,1,1,1.0
B1,formal-r05,7,e3/b/e3b-r05/B1/t/fe2b58a098c656b8,T5,e3/b/e3b-r05/B1/t/43277480b5ea4f36,T5,0.9156982577969945,1,1,1.0
B1,formal-r05,8,e3/b/e3b-r05/B1/t/43277480b5ea4f36,T5,e3/b/e3b-r05/B1/t/1494adb69fc02cad,T5,0.9265769035123453,1,1,1.0
B1,formal-r05,8,e3/b/e3b-r05/B1/t/47d9f7508d1cf712,T1,e3/b/e3b-r05/B1/t/8e31024813c4188a,T1,0.9277549942696158,1,1,1.0
B1,formal-r05,8,e3/b/e3b-r05/B1/t/53457e283d0481a5,T2,e3/b/e3b-r05/B1/t/bab4cdc9f001ea77,T2,0.9552456255892305,1,1,1.0
B1,formal-r05,8,e3/b/e3b-r05/B1/t/66fa663b41ced85f,T4,e3/b/e3b-r05/B1/t/47b96530e0a5dd91,T4,0.9581716393472278,1,1,1.0
B1,formal-r05,8,e3/b/e3b-r05/B1/t/758be68c4cdd02bb,T6,e3/b/e3b-r05/B1/t/de8a4bdf2c1c8b6a,T6,0.9768385687696095,1,1,1.0
B1,formal-r05,8,e3/b/e3b-r05/B1/t/b41bdbaf5dc18dd0,T3,e3/b/e3b-r05/B1/t/da9197c0960249e4,T3,0.9387047943986121,1,1,1.0
B1,formal-r05,8,e3/b/e3b-r05/B1/t/b483be9a7248e095,T8,e3/b/e3b-r05/B1/t/b622620530fc88c8,T8,0.980899825310154,1,1,1.0
B1,formal-r05,8,e3/b/e3b-r05/B1/t/cfa6dabd940b2d21,T7,e3/b/e3b-r05/B1/t/51a6550db3f4a326,T7,0.9751146184696193,1,1,1.0
B1,formal-r05,9,e3/b/e3b-r05/B1/t/1494adb69fc02cad,T5,e3/b/e3b-r05/B1/t/cf79531ff45c5342,T5,0.9475225209048476,1,1,1.0
B1,formal-r05,9,e3/b/e3b-r05/B1/t/47b96530e0a5dd91,T4,e3/b/e3b-r05/B1/t/621a0dc700ee1e37,T4,0.9265573095774874,1,1,1.0
B1,formal-r05,9,e3/b/e3b-r05/B1/t/51a6550db3f4a326,T7,e3/b/e3b-r05/B1/t/c70aa3041f19f319,T7,0.9497207285562042,1,1,1.0
B1,formal-r05,9,e3/b/e3b-r05/B1/t/8e31024813c4188a,T1,e3/b/e3b-r05/B1/t/7b5cc8186772b5e7,T1,0.9406517574257046,1,1,1.0
B1,formal-r05,9,e3/b/e3b-r05/B1/t/b622620530fc88c8,T8,e3/b/e3b-r05/B1/t/097b66fcdff5a616,T8,0.9656859747981265,1,1,1.0
B1,formal-r05,9,e3/b/e3b-r05/B1/t/bab4cdc9f001ea77,T2,e3/b/e3b-r05/B1/t/dbff6c6eb6c03f67,T2,0.8403796957732628,1,1,1.0
B1,formal-r05,9,e3/b/e3b-r05/B1/t/da9197c0960249e4,T3,e3/b/e3b-r05/B1/t/2037bff82501d551,T3,0.9452115945259583,1,1,1.0
B1,formal-r05,9,e3/b/e3b-r05/B1/t/de8a4bdf2c1c8b6a,T6,e3/b/e3b-r05/B1/t/5dc787299e6deb5d,T6,0.9692386153977794,1,1,1.0
B1,formal-r05,10,e3/b/e3b-r05/B1/t/097b66fcdff5a616,T8,e3/b/e3b-r05/B1/t/aaf346766ab6a375,T8,0.9762176215560224,1,1,1.0
B1,formal-r05,10,e3/b/e3b-r05/B1/t/2037bff82501d551,T3,e3/b/e3b-r05/B1/t/7f86e4d0e0d649b7,T3,0.9553588657626986,1,1,1.0
B1,formal-r05,10,e3/b/e3b-r05/B1/t/5dc787299e6deb5d,T6,e3/b/e3b-r05/B1/t/c8d20bb24b652d3b,T6,0.958692571930207,1,1,1.0
B1,formal-r05,10,e3/b/e3b-r05/B1/t/621a0dc700ee1e37,T4,e3/b/e3b-r05/B1/t/5b205583566616c8,T4,0.9493094791625379,1,1,1.0
B1,formal-r05,10,e3/b/e3b-r05/B1/t/7b5cc8186772b5e7,T1,e3/b/e3b-r05/B1/t/f46d0c54af88689b,T1,0.966421227410967,1,1,1.0
B1,formal-r05,10,e3/b/e3b-r05/B1/t/c70aa3041f19f319,T7,e3/b/e3b-r05/B1/t/de8e83f87feea62c,T7,0.975364432780737,1,1,1.0
B1,formal-r05,10,e3/b/e3b-r05/B1/t/cf79531ff45c5342,T5,e3/b/e3b-r05/B1/t/5adec54984b3cbfe,T5,0.9663037947391312,1,1,1.0
B1,formal-r05,10,e3/b/e3b-r05/B1/t/dbff6c6eb6c03f67,T2,e3/b/e3b-r05/B1/t/c942c0492e2d3fc0,T2,0.9265106570428072,1,2,0.5
B1,formal-r05,11,e3/b/e3b-r05/B1/t/5adec54984b3cbfe,T5,e3/b/e3b-r05/B1/t/6edbf2fcbe0a7697,T5,0.9346344267201099,1,1,1.0
B1,formal-r05,11,e3/b/e3b-r05/B1/t/5b205583566616c8,T4,e3/b/e3b-r05/B1/t/b79617bc47cf804c,T4,0.9686881308368461,1,1,1.0
B1,formal-r05,11,e3/b/e3b-r05/B1/t/7f86e4d0e0d649b7,T3,e3/b/e3b-r05/B1/t/464abb2066f83d14,T3,0.9426312501008657,1,1,1.0
B1,formal-r05,11,e3/b/e3b-r05/B1/t/aaf346766ab6a375,T8,e3/b/e3b-r05/B1/t/d58801e98b204e3c,T8,0.9701488898376533,1,1,1.0
B1,formal-r05,11,e3/b/e3b-r05/B1/t/c8d20bb24b652d3b,T6,e3/b/e3b-r05/B1/t/510e994dc5793b19,T6,0.9487104116560089,1,1,1.0
B1,formal-r05,11,e3/b/e3b-r05/B1/t/c942c0492e2d3fc0,T2,e3/b/e3b-r05/B1/t/b73161f7032334da,T2,0.9173376047786782,1,1,1.0
B1,formal-r05,11,e3/b/e3b-r05/B1/t/de8e83f87feea62c,T7,e3/b/e3b-r05/B1/t/84391a9d47ebfcb0,T7,0.9381804114879824,1,1,1.0
B1,formal-r05,11,e3/b/e3b-r05/B1/t/f46d0c54af88689b,T1,e3/b/e3b-r05/B1/t/a7bbc12bd2b8753e,T1,0.9356456498232012,1,1,1.0
B2,formal-r01,1,e3/b/e3b-r01/B2/t/202c56e4219089e9,T4,e3/b/e3b-r01/B2/t/df4e98b8159beecb,T1,0.797712529931155,0,1,1.0
B2,formal-r01,1,e3/b/e3b-r01/B2/t/605bb329bb012708,T1,e3/b/e3b-r01/B2/t/517c8a1cce2bd7bf,T2,0.6913772727022185,0,3,0.3333333333333333
B2,formal-r01,1,e3/b/e3b-r01/B2/t/7cfd61be72e35500,T7,e3/b/e3b-r01/B2/t/a8285a017ec90c71,T6,0.8160956383879416,0,1,1.0
B2,formal-r01,1,e3/b/e3b-r01/B2/t/ae64435abe8e3c16,T5,e3/b/e3b-r01/B2/t/5bfc67769857956f,T3,0.7943181239401481,0,4,0.25
B2,formal-r01,1,e3/b/e3b-r01/B2/t/ba5f8a1d95843797,T8,e3/b/e3b-r01/B2/t/fddb2ddc6235edf8,T8,0.8044688179797447,1,1,1.0
B2,formal-r01,1,e3/b/e3b-r01/B2/t/cc79c06b727106b8,T2,e3/b/e3b-r01/B2/t/32bdbae46cc3dac9,T5,0.7596566216750817,0,5,0.2
B2,formal-r01,1,e3/b/e3b-r01/B2/t/dd8a540198a261ac,T3,e3/b/e3b-r01/B2/t/9227f397f7cb2551,T4,0.7985907397940637,0,2,0.5
B2,formal-r01,1,e3/b/e3b-r01/B2/t/f927884893f8a997,T6,e3/b/e3b-r01/B2/t/e1d74f3f1b76e0a9,T7,0.7856405564737893,0,2,0.5
B2,formal-r01,2,e3/b/e3b-r01/B2/t/32bdbae46cc3dac9,T5,e3/b/e3b-r01/B2/t/a78e8e0a30b716ed,T2,0.7949886873202117,0,6,0.16666666666666666
B2,formal-r01,2,e3/b/e3b-r01/B2/t/517c8a1cce2bd7bf,T2,e3/b/e3b-r01/B2/t/757451f7fcca8f6a,T1,0.8108569813795744,0,4,0.25
B2,formal-r01,2,e3/b/e3b-r01/B2/t/5bfc67769857956f,T3,e3/b/e3b-r01/B2/t/f774699413d07345,T3,0.7946759043939505,1,1,1.0
B2,formal-r01,2,e3/b/e3b-r01/B2/t/9227f397f7cb2551,T4,e3/b/e3b-r01/B2/t/153c2cd095ac3d7d,T6,0.7973976750211963,0,5,0.2
B2,formal-r01,2,e3/b/e3b-r01/B2/t/a8285a017ec90c71,T6,e3/b/e3b-r01/B2/t/5a8f5762be5989bb,T5,0.7978807009053471,0,2,0.5
B2,formal-r01,2,e3/b/e3b-r01/B2/t/df4e98b8159beecb,T1,e3/b/e3b-r01/B2/t/3f304c61f7394b83,T4,0.8133850333210564,0,2,0.5
B2,formal-r01,2,e3/b/e3b-r01/B2/t/e1d74f3f1b76e0a9,T7,e3/b/e3b-r01/B2/t/f91516d68c74f265,T7,0.7054762441336442,1,2,0.5
B2,formal-r01,2,e3/b/e3b-r01/B2/t/fddb2ddc6235edf8,T8,e3/b/e3b-r01/B2/t/82c26d58e2f268fc,T8,0.4698410226147289,1,1,1.0
B2,formal-r01,3,e3/b/e3b-r01/B2/t/153c2cd095ac3d7d,T6,e3/b/e3b-r01/B2/t/4e20e53d9a309386,T4,0.7553346500943134,0,2,0.5
B2,formal-r01,3,e3/b/e3b-r01/B2/t/3f304c61f7394b83,T4,e3/b/e3b-r01/B2/t/128eee962e30ee12,T5,0.7979070582652488,0,3,0.3333333333333333
B2,formal-r01,3,e3/b/e3b-r01/B2/t/5a8f5762be5989bb,T5,e3/b/e3b-r01/B2/t/74dd7d25052a2f95,T6,0.8121584862405121,0,4,0.25
B2,formal-r01,3,e3/b/e3b-r01/B2/t/757451f7fcca8f6a,T1,e3/b/e3b-r01/B2/t/4133f42c93bb42cf,T2,0.5786561139597044,0,4,0.25
B2,formal-r01,3,e3/b/e3b-r01/B2/t/82c26d58e2f268fc,T8,e3/b/e3b-r01/B2/t/1a0c4a3908b226f7,T8,0.5524442112274612,1,3,0.3333333333333333
B2,formal-r01,3,e3/b/e3b-r01/B2/t/a78e8e0a30b716ed,T2,e3/b/e3b-r01/B2/t/732bcf16995a112b,T3,0.7403927835022576,0,4,0.25
B2,formal-r01,3,e3/b/e3b-r01/B2/t/f774699413d07345,T3,e3/b/e3b-r01/B2/t/3072fcfe96abd8e9,T1,0.3152056511947907,0,1,1.0
B2,formal-r01,3,e3/b/e3b-r01/B2/t/f91516d68c74f265,T7,e3/b/e3b-r01/B2/t/324c5e4459ddd3ca,T7,0.819810800323968,1,1,1.0
B2,formal-r01,4,e3/b/e3b-r01/B2/t/128eee962e30ee12,T5,e3/b/e3b-r01/B2/t/96080a672965d3fa,T5,0.8138323307076086,1,1,1.0
B2,formal-r01,4,e3/b/e3b-r01/B2/t/1a0c4a3908b226f7,T8,e3/b/e3b-r01/B2/t/b02432f805b89568,T6,0.7594170744443289,0,4,0.25
B2,formal-r01,4,e3/b/e3b-r01/B2/t/3072fcfe96abd8e9,T1,e3/b/e3b-r01/B2/t/8fbc4d9d327931b9,T3,0.6999451263103857,0,2,0.5
B2,formal-r01,4,e3/b/e3b-r01/B2/t/324c5e4459ddd3ca,T7,e3/b/e3b-r01/B2/t/e044c681afffedd9,T8,0.10362484355219541,0,1,1.0
B2,formal-r01,4,e3/b/e3b-r01/B2/t/4133f42c93bb42cf,T2,e3/b/e3b-r01/B2/t/01ef445f5669bda6,T1,0.8236184703684258,0,4,0.25
B2,formal-r01,4,e3/b/e3b-r01/B2/t/4e20e53d9a309386,T4,e3/b/e3b-r01/B2/t/63439ce31f4b7759,T2,0.691400840413308,0,3,0.3333333333333333
B2,formal-r01,4,e3/b/e3b-r01/B2/t/732bcf16995a112b,T3,e3/b/e3b-r01/B2/t/2423e4aa467142ba,T4,0.747655407989787,0,4,0.25
B2,formal-r01,4,e3/b/e3b-r01/B2/t/74dd7d25052a2f95,T6,e3/b/e3b-r01/B2/t/c5b2daf2c3ea0a1e,T7,0.8273869539738803,0,2,0.5
B2,formal-r01,5,e3/b/e3b-r01/B2/t/01ef445f5669bda6,T1,e3/b/e3b-r01/B2/t/e7d4a0061fd5aeed,T1,0.7680005496073385,1,1,1.0
B2,formal-r01,5,e3/b/e3b-r01/B2/t/2423e4aa467142ba,T4,e3/b/e3b-r01/B2/t/b0c657dd44279595,T5,0.7026943957567089,0,3,0.3333333333333333
B2,formal-r01,5,e3/b/e3b-r01/B2/t/63439ce31f4b7759,T2,e3/b/e3b-r01/B2/t/da30c38f299a109d,T3,0.7089771100672345,0,1,1.0
B2,formal-r01,5,e3/b/e3b-r01/B2/t/8fbc4d9d327931b9,T3,e3/b/e3b-r01/B2/t/e12184dc4f83e938,T2,0.7897193451031386,0,3,0.3333333333333333
B2,formal-r01,5,e3/b/e3b-r01/B2/t/96080a672965d3fa,T5,e3/b/e3b-r01/B2/t/a0be5c130ac6825a,T4,0.7624346117858817,0,1,1.0
B2,formal-r01,5,e3/b/e3b-r01/B2/t/b02432f805b89568,T6,e3/b/e3b-r01/B2/t/f97c2deeec811d0a,T8,0.6623503139735473,0,3,0.3333333333333333
B2,formal-r01,5,e3/b/e3b-r01/B2/t/c5b2daf2c3ea0a1e,T7,e3/b/e3b-r01/B2/t/ace05b64dafcc019,T7,0.6850403807075329,1,2,0.5
B2,formal-r01,5,e3/b/e3b-r01/B2/t/e044c681afffedd9,T8,e3/b/e3b-r01/B2/t/434558ec0caf1182,T6,0.0877759788434628,0,1,1.0
B2,formal-r01,6,e3/b/e3b-r01/B2/t/434558ec0caf1182,T6,e3/b/e3b-r01/B2/t/cd0858326320c412,T6,0.728139662611613,1,1,1.0
B2,formal-r01,6,e3/b/e3b-r01/B2/t/a0be5c130ac6825a,T4,e3/b/e3b-r01/B2/t/b71b290658891f1a,T3,0.8181245581984964,0,3,0.3333333333333333
B2,formal-r01,6,e3/b/e3b-r01/B2/t/ace05b64dafcc019,T7,e3/b/e3b-r01/B2/t/e661a338365e3751,T7,0.7662728936095898,1,2,0.5
B2,formal-r01,6,e3/b/e3b-r01/B2/t/b0c657dd44279595,T5,e3/b/e3b-r01/B2/t/fe2b58a098c656b8,T5,0.7749234006321275,1,1,1.0
B2,formal-r01,6,e3/b/e3b-r01/B2/t/da30c38f299a109d,T3,e3/b/e3b-r01/B2/t/448503c1afe74d0a,T2,0.7464477613930619,0,5,0.2
B2,formal-r01,6,e3/b/e3b-r01/B2/t/e12184dc4f83e938,T2,e3/b/e3b-r01/B2/t/65c45f1daaf2f645,T4,0.6403792846650037,0,3,0.3333333333333333
B2,formal-r01,6,e3/b/e3b-r01/B2/t/e7d4a0061fd5aeed,T1,e3/b/e3b-r01/B2/t/bb1c590d2d98af65,T1,0.7881389650482571,1,1,1.0
B2,formal-r01,6,e3/b/e3b-r01/B2/t/f97c2deeec811d0a,T8,e3/b/e3b-r01/B2/t/4c36f64626c4df19,T8,0.7200035858143872,1,1,1.0
B2,formal-r01,7,e3/b/e3b-r01/B2/t/448503c1afe74d0a,T2,e3/b/e3b-r01/B2/t/53457e283d0481a5,T2,0.7003179342632261,1,2,0.5
B2,formal-r01,7,e3/b/e3b-r01/B2/t/4c36f64626c4df19,T8,e3/b/e3b-r01/B2/t/b483be9a7248e095,T8,0.6857348624032954,1,1,1.0
B2,formal-r01,7,e3/b/e3b-r01/B2/t/65c45f1daaf2f645,T4,e3/b/e3b-r01/B2/t/b41bdbaf5dc18dd0,T3,0.7491370086992697,0,2,0.5
B2,formal-r01,7,e3/b/e3b-r01/B2/t/b71b290658891f1a,T3,e3/b/e3b-r01/B2/t/43277480b5ea4f36,T5,0.5357734174346843,0,1,1.0
B2,formal-r01,7,e3/b/e3b-r01/B2/t/bb1c590d2d98af65,T1,e3/b/e3b-r01/B2/t/47d9f7508d1cf712,T1,0.7081917137204993,1,1,1.0
B2,formal-r01,7,e3/b/e3b-r01/B2/t/cd0858326320c412,T6,e3/b/e3b-r01/B2/t/758be68c4cdd02bb,T6,0.8244234765415458,1,1,1.0
B2,formal-r01,7,e3/b/e3b-r01/B2/t/e661a338365e3751,T7,e3/b/e3b-r01/B2/t/cfa6dabd940b2d21,T7,0.5343698332558852,1,2,0.5
B2,formal-r01,7,e3/b/e3b-r01/B2/t/fe2b58a098c656b8,T5,e3/b/e3b-r01/B2/t/66fa663b41ced85f,T4,0.7281046469614618,0,3,0.3333333333333333
B2,formal-r01,8,e3/b/e3b-r01/B2/t/43277480b5ea4f36,T5,e3/b/e3b-r01/B2/t/1494adb69fc02cad,T5,0.7527652118569437,1,1,1.0
B2,formal-r01,8,e3/b/e3b-r01/B2/t/47d9f7508d1cf712,T1,e3/b/e3b-r01/B2/t/8e31024813c4188a,T1,0.7663941718377579,1,1,1.0
B2,formal-r01,8,e3/b/e3b-r01/B2/t/53457e283d0481a5,T2,e3/b/e3b-r01/B2/t/da9197c0960249e4,T3,0.5789976105805955,0,3,0.3333333333333333
B2,formal-r01,8,e3/b/e3b-r01/B2/t/66fa663b41ced85f,T4,e3/b/e3b-r01/B2/t/47b96530e0a5dd91,T4,0.8100805272856427,1,1,1.0
B2,formal-r01,8,e3/b/e3b-r01/B2/t/758be68c4cdd02bb,T6,e3/b/e3b-r01/B2/t/de8a4bdf2c1c8b6a,T6,0.6790714145627393,1,1,1.0
B2,formal-r01,8,e3/b/e3b-r01/B2/t/b41bdbaf5dc18dd0,T3,e3/b/e3b-r01/B2/t/bab4cdc9f001ea77,T2,0.7952776414951833,0,3,0.3333333333333333
B2,formal-r01,8,e3/b/e3b-r01/B2/t/b483be9a7248e095,T8,e3/b/e3b-r01/B2/t/b622620530fc88c8,T8,0.3491760365354885,1,3,0.3333333333333333
B2,formal-r01,8,e3/b/e3b-r01/B2/t/cfa6dabd940b2d21,T7,e3/b/e3b-r01/B2/t/51a6550db3f4a326,T7,0.7651520042764192,1,1,1.0
B2,formal-r01,9,e3/b/e3b-r01/B2/t/1494adb69fc02cad,T5,e3/b/e3b-r01/B2/t/621a0dc700ee1e37,T4,0.752589071854467,0,2,0.5
B2,formal-r01,9,e3/b/e3b-r01/B2/t/47b96530e0a5dd91,T4,e3/b/e3b-r01/B2/t/2037bff82501d551,T3,0.7392652922034386,0,2,0.5
B2,formal-r01,9,e3/b/e3b-r01/B2/t/51a6550db3f4a326,T7,e3/b/e3b-r01/B2/t/c70aa3041f19f319,T7,0.6061131508217644,1,2,0.5
B2,formal-r01,9,e3/b/e3b-r01/B2/t/8e31024813c4188a,T1,e3/b/e3b-r01/B2/t/dbff6c6eb6c03f67,T2,0.7643919181191781,0,1,1.0
B2,formal-r01,9,e3/b/e3b-r01/B2/t/b622620530fc88c8,T8,e3/b/e3b-r01/B2/t/097b66fcdff5a616,T8,0.7216489108670006,1,1,1.0
B2,formal-r01,9,e3/b/e3b-r01/B2/t/bab4cdc9f001ea77,T2,e3/b/e3b-r01/B2/t/7b5cc8186772b5e7,T1,0.820530688573546,0,2,0.5
B2,formal-r01,9,e3/b/e3b-r01/B2/t/da9197c0960249e4,T3,e3/b/e3b-r01/B2/t/cf79531ff45c5342,T5,0.3804223880354862,0,4,0.25
B2,formal-r01,9,e3/b/e3b-r01/B2/t/de8a4bdf2c1c8b6a,T6,e3/b/e3b-r01/B2/t/5dc787299e6deb5d,T6,0.54236247734327,1,2,0.5
B2,formal-r01,10,e3/b/e3b-r01/B2/t/097b66fcdff5a616,T8,e3/b/e3b-r01/B2/t/c8d20bb24b652d3b,T6,0.5413601386155401,0,2,0.5
B2,formal-r01,10,e3/b/e3b-r01/B2/t/2037bff82501d551,T3,e3/b/e3b-r01/B2/t/de8e83f87feea62c,T7,0.7044179672244925,0,5,0.2
B2,formal-r01,10,e3/b/e3b-r01/B2/t/5dc787299e6deb5d,T6,e3/b/e3b-r01/B2/t/5adec54984b3cbfe,T5,0.772201521219095,0,3,0.3333333333333333
B2,formal-r01,10,e3/b/e3b-r01/B2/t/621a0dc700ee1e37,T4,e3/b/e3b-r01/B2/t/c942c0492e2d3fc0,T2,0.6911950711924068,0,1,1.0
B2,formal-r01,10,e3/b/e3b-r01/B2/t/7b5cc8186772b5e7,T1,e3/b/e3b-r01/B2/t/7f86e4d0e0d649b7,T3,0.7271597207287052,0,2,0.5
B2,formal-r01,10,e3/b/e3b-r01/B2/t/c70aa3041f19f319,T7,e3/b/e3b-r01/B2/t/aaf346766ab6a375,T8,0.8220128928271185,0,4,0.25
B2,formal-r01,10,e3/b/e3b-r01/B2/t/cf79531ff45c5342,T5,e3/b/e3b-r01/B2/t/5b205583566616c8,T4,0.793416089334703,0,4,0.25
B2,formal-r01,10,e3/b/e3b-r01/B2/t/dbff6c6eb6c03f67,T2,e3/b/e3b-r01/B2/t/f46d0c54af88689b,T1,0.7618542450966171,0,3,0.3333333333333333
B2,formal-r01,11,e3/b/e3b-r01/B2/t/5adec54984b3cbfe,T5,e3/b/e3b-r01/B2/t/510e994dc5793b19,T6,0.7077330588910135,0,1,1.0
B2,formal-r01,11,e3/b/e3b-r01/B2/t/5b205583566616c8,T4,e3/b/e3b-r01/B2/t/464abb2066f83d14,T3,0.7273279509521383,0,2,0.5
B2,formal-r01,11,e3/b/e3b-r01/B2/t/7f86e4d0e0d649b7,T3,e3/b/e3b-r01/B2/t/b79617bc47cf804c,T4,0.8117227849601689,0,1,1.0
B2,formal-r01,11,e3/b/e3b-r01/B2/t/aaf346766ab6a375,T8,e3/b/e3b-r01/B2/t/84391a9d47ebfcb0,T7,0.8352043119308741,0,3,0.3333333333333333
B2,formal-r01,11,e3/b/e3b-r01/B2/t/c8d20bb24b652d3b,T6,e3/b/e3b-r01/B2/t/d58801e98b204e3c,T8,0.7881899927520337,0,3,0.3333333333333333
B2,formal-r01,11,e3/b/e3b-r01/B2/t/c942c0492e2d3fc0,T2,e3/b/e3b-r01/B2/t/a7bbc12bd2b8753e,T1,0.8044893435694407,0,2,0.5
B2,formal-r01,11,e3/b/e3b-r01/B2/t/de8e83f87feea62c,T7,e3/b/e3b-r01/B2/t/6edbf2fcbe0a7697,T5,0.841072138147129,0,3,0.3333333333333333
B2,formal-r01,11,e3/b/e3b-r01/B2/t/f46d0c54af88689b,T1,e3/b/e3b-r01/B2/t/b73161f7032334da,T2,0.7909928798801421,0,2,0.5
B2,formal-r02,1,e3/b/e3b-r02/B2/t/202c56e4219089e9,T4,e3/b/e3b-r02/B2/t/32bdbae46cc3dac9,T5,0.6339163279753948,0,4,0.25
B2,formal-r02,1,e3/b/e3b-r02/B2/t/605bb329bb012708,T1,e3/b/e3b-r02/B2/t/df4e98b8159beecb,T1,0.5866183498299603,1,4,0.25
B2,formal-r02,1,e3/b/e3b-r02/B2/t/7cfd61be72e35500,T7,e3/b/e3b-r02/B2/t/9227f397f7cb2551,T4,0.5386166817043596,0,1,1.0
B2,formal-r02,1,e3/b/e3b-r02/B2/t/ae64435abe8e3c16,T5,e3/b/e3b-r02/B2/t/e1d74f3f1b76e0a9,T7,0.7472599885204231,0,2,0.5
B2,formal-r02,1,e3/b/e3b-r02/B2/t/ba5f8a1d95843797,T8,e3/b/e3b-r02/B2/t/fddb2ddc6235edf8,T8,0.40033912644875713,1,4,0.25
B2,formal-r02,1,e3/b/e3b-r02/B2/t/cc79c06b727106b8,T2,e3/b/e3b-r02/B2/t/5bfc67769857956f,T3,0.6707336327530191,0,4,0.25
B2,formal-r02,1,e3/b/e3b-r02/B2/t/dd8a540198a261ac,T3,e3/b/e3b-r02/B2/t/517c8a1cce2bd7bf,T2,0.5467414441158173,0,3,0.3333333333333333
B2,formal-r02,1,e3/b/e3b-r02/B2/t/f927884893f8a997,T6,e3/b/e3b-r02/B2/t/a8285a017ec90c71,T6,0.8042230076191825,1,1,1.0
B2,formal-r02,2,e3/b/e3b-r02/B2/t/32bdbae46cc3dac9,T5,e3/b/e3b-r02/B2/t/5a8f5762be5989bb,T5,0.7649014194864588,1,1,1.0
B2,formal-r02,2,e3/b/e3b-r02/B2/t/517c8a1cce2bd7bf,T2,e3/b/e3b-r02/B2/t/f774699413d07345,T3,0.8420716516321488,0,2,0.5
B2,formal-r02,2,e3/b/e3b-r02/B2/t/5bfc67769857956f,T3,e3/b/e3b-r02/B2/t/a78e8e0a30b716ed,T2,0.789407377519693,0,1,1.0
B2,formal-r02,2,e3/b/e3b-r02/B2/t/9227f397f7cb2551,T4,e3/b/e3b-r02/B2/t/3f304c61f7394b83,T4,0.638397928109564,1,3,0.3333333333333333
B2,formal-r02,2,e3/b/e3b-r02/B2/t/a8285a017ec90c71,T6,e3/b/e3b-r02/B2/t/f91516d68c74f265,T7,0.5241823156195984,0,2,0.5
B2,formal-r02,2,e3/b/e3b-r02/B2/t/df4e98b8159beecb,T1,e3/b/e3b-r02/B2/t/757451f7fcca8f6a,T1,0.6841857811758788,1,1,1.0
B2,formal-r02,2,e3/b/e3b-r02/B2/t/e1d74f3f1b76e0a9,T7,e3/b/e3b-r02/B2/t/153c2cd095ac3d7d,T6,0.6066216766115389,0,4,0.25
B2,formal-r02,2,e3/b/e3b-r02/B2/t/fddb2ddc6235edf8,T8,e3/b/e3b-r02/B2/t/82c26d58e2f268fc,T8,0.7839199948329002,1,1,1.0
B2,formal-r02,3,e3/b/e3b-r02/B2/t/153c2cd095ac3d7d,T6,e3/b/e3b-r02/B2/t/128eee962e30ee12,T5,0.7161841752399654,0,4,0.25
B2,formal-r02,3,e3/b/e3b-r02/B2/t/3f304c61f7394b83,T4,e3/b/e3b-r02/B2/t/4133f42c93bb42cf,T2,0.7394477613652897,0,5,0.2
B2,formal-r02,3,e3/b/e3b-r02/B2/t/5a8f5762be5989bb,T5,e3/b/e3b-r02/B2/t/74dd7d25052a2f95,T6,0.7082797209472089,0,1,1.0
B2,formal-r02,3,e3/b/e3b-r02/B2/t/757451f7fcca8f6a,T1,e3/b/e3b-r02/B2/t/3072fcfe96abd8e9,T1,0.829313362568612,1,1,1.0
B2,formal-r02,3,e3/b/e3b-r02/B2/t/82c26d58e2f268fc,T8,e3/b/e3b-r02/B2/t/1a0c4a3908b226f7,T8,0.6955545953075382,1,1,1.0
B2,formal-r02,3,e3/b/e3b-r02/B2/t/a78e8e0a30b716ed,T2,e3/b/e3b-r02/B2/t/732bcf16995a112b,T3,0.7320113858253657,0,3,0.3333333333333333
B2,formal-r02,3,e3/b/e3b-r02/B2/t/f774699413d07345,T3,e3/b/e3b-r02/B2/t/4e20e53d9a309386,T4,0.6862988607788033,0,3,0.3333333333333333
B2,formal-r02,3,e3/b/e3b-r02/B2/t/f91516d68c74f265,T7,e3/b/e3b-r02/B2/t/324c5e4459ddd3ca,T7,0.8441447215198031,1,1,1.0
B2,formal-r02,4,e3/b/e3b-r02/B2/t/128eee962e30ee12,T5,e3/b/e3b-r02/B2/t/b02432f805b89568,T6,0.8231439973310023,0,3,0.3333333333333333
B2,formal-r02,4,e3/b/e3b-r02/B2/t/1a0c4a3908b226f7,T8,e3/b/e3b-r02/B2/t/01ef445f5669bda6,T1,0.0018077506501752816,0,3,0.3333333333333333
B2,formal-r02,4,e3/b/e3b-r02/B2/t/3072fcfe96abd8e9,T1,e3/b/e3b-r02/B2/t/8fbc4d9d327931b9,T3,0.7977164622481929,0,3,0.3333333333333333
B2,formal-r02,4,e3/b/e3b-r02/B2/t/324c5e4459ddd3ca,T7,e3/b/e3b-r02/B2/t/c5b2daf2c3ea0a1e,T7,0.8506302437853229,1,1,1.0
B2,formal-r02,4,e3/b/e3b-r02/B2/t/4133f42c93bb42cf,T2,e3/b/e3b-r02/B2/t/96080a672965d3fa,T5,0.7938590226235201,0,3,0.3333333333333333
B2,formal-r02,4,e3/b/e3b-r02/B2/t/4e20e53d9a309386,T4,e3/b/e3b-r02/B2/t/2423e4aa467142ba,T4,0.6799722847395111,1,3,0.3333333333333333
B2,formal-r02,4,e3/b/e3b-r02/B2/t/732bcf16995a112b,T3,e3/b/e3b-r02/B2/t/63439ce31f4b7759,T2,0.8233621368270518,0,2,0.5
B2,formal-r02,4,e3/b/e3b-r02/B2/t/74dd7d25052a2f95,T6,e3/b/e3b-r02/B2/t/e044c681afffedd9,T8,0.8489382195705919,0,2,0.5
B2,formal-r02,5,e3/b/e3b-r02/B2/t/01ef445f5669bda6,T1,e3/b/e3b-r02/B2/t/f97c2deeec811d0a,T8,0.0011736541863100274,0,1,1.0
B2,formal-r02,5,e3/b/e3b-r02/B2/t/2423e4aa467142ba,T4,e3/b/e3b-r02/B2/t/e12184dc4f83e938,T2,0.7350704198611333,0,3,0.3333333333333333
B2,formal-r02,5,e3/b/e3b-r02/B2/t/63439ce31f4b7759,T2,e3/b/e3b-r02/B2/t/e7d4a0061fd5aeed,T1,0.8307174298555247,0,4,0.25
B2,formal-r02,5,e3/b/e3b-r02/B2/t/8fbc4d9d327931b9,T3,e3/b/e3b-r02/B2/t/da30c38f299a109d,T3,0.8236529452469782,1,1,1.0
B2,formal-r02,5,e3/b/e3b-r02/B2/t/96080a672965d3fa,T5,e3/b/e3b-r02/B2/t/a0be5c130ac6825a,T4,0.8303499029555576,0,6,0.16666666666666666
B2,formal-r02,5,e3/b/e3b-r02/B2/t/b02432f805b89568,T6,e3/b/e3b-r02/B2/t/b0c657dd44279595,T5,0.8459138933640246,0,2,0.5
B2,formal-r02,5,e3/b/e3b-r02/B2/t/c5b2daf2c3ea0a1e,T7,e3/b/e3b-r02/B2/t/ace05b64dafcc019,T7,0.8459200682410501,1,1,1.0
B2,formal-r02,5,e3/b/e3b-r02/B2/t/e044c681afffedd9,T8,e3/b/e3b-r02/B2/t/434558ec0caf1182,T6,0.7223247559296047,0,7,0.14285714285714285
B2,formal-r02,6,e3/b/e3b-r02/B2/t/434558ec0caf1182,T6,e3/b/e3b-r02/B2/t/65c45f1daaf2f645,T4,0.7815036534857279,0,2,0.5
B2,formal-r02,6,e3/b/e3b-r02/B2/t/a0be5c130ac6825a,T4,e3/b/e3b-r02/B2/t/b71b290658891f1a,T3,0.8453433148536913,0,5,0.2
B2,formal-r02,6,e3/b/e3b-r02/B2/t/ace05b64dafcc019,T7,e3/b/e3b-r02/B2/t/4c36f64626c4df19,T8,0.49128645437614327,0,1,1.0
B2,formal-r02,6,e3/b/e3b-r02/B2/t/b0c657dd44279595,T5,e3/b/e3b-r02/B2/t/cd0858326320c412,T6,0.7034832081955806,0,6,0.16666666666666666
B2,formal-r02,6,e3/b/e3b-r02/B2/t/da30c38f299a109d,T3,e3/b/e3b-r02/B2/t/fe2b58a098c656b8,T5,0.7774767490079575,0,3,0.3333333333333333
B2,formal-r02,6,e3/b/e3b-r02/B2/t/e12184dc4f83e938,T2,e3/b/e3b-r02/B2/t/448503c1afe74d0a,T2,0.7979124776476881,1,1,1.0
B2,formal-r02,6,e3/b/e3b-r02/B2/t/e7d4a0061fd5aeed,T1,e3/b/e3b-r02/B2/t/bb1c590d2d98af65,T1,0.8097307249220577,1,1,1.0
B2,formal-r02,6,e3/b/e3b-r02/B2/t/f97c2deeec811d0a,T8,e3/b/e3b-r02/B2/t/e661a338365e3751,T7,0.5646865807577085,0,2,0.5
B2,formal-r02,7,e3/b/e3b-r02/B2/t/448503c1afe74d0a,T2,e3/b/e3b-r02/B2/t/47d9f7508d1cf712,T1,0.800487651484587,0,3,0.3333333333333333
B2,formal-r02,7,e3/b/e3b-r02/B2/t/4c36f64626c4df19,T8,e3/b/e3b-r02/B2/t/cfa6dabd940b2d21,T7,0.8493012951353497,0,4,0.25
B2,formal-r02,7,e3/b/e3b-r02/B2/t/65c45f1daaf2f645,T4,e3/b/e3b-r02/B2/t/b483be9a7248e095,T8,0.8045026551031585,0,7,0.14285714285714285
B2,formal-r02,7,e3/b/e3b-r02/B2/t/b71b290658891f1a,T3,e3/b/e3b-r02/B2/t/b41bdbaf5dc18dd0,T3,0.8111024077133435,1,1,1.0
B2,formal-r02,7,e3/b/e3b-r02/B2/t/bb1c590d2d98af65,T1,e3/b/e3b-r02/B2/t/53457e283d0481a5,T2,0.7742581251065194,0,3,0.3333333333333333
B2,formal-r02,7,e3/b/e3b-r02/B2/t/cd0858326320c412,T6,e3/b/e3b-r02/B2/t/43277480b5ea4f36,T5,0.7273209005494808,0,1,1.0
B2,formal-r02,7,e3/b/e3b-r02/B2/t/e661a338365e3751,T7,e3/b/e3b-r02/B2/t/758be68c4cdd02bb,T6,0.7232292683108668,0,1,1.0
B2,formal-r02,7,e3/b/e3b-r02/B2/t/fe2b58a098c656b8,T5,e3/b/e3b-r02/B2/t/66fa663b41ced85f,T4,0.7190396479780092,0,6,0.16666666666666666
B2,formal-r02,8,e3/b/e3b-r02/B2/t/43277480b5ea4f36,T5,e3/b/e3b-r02/B2/t/51a6550db3f4a326,T7,0.7257816021031199,0,3,0.3333333333333333
B2,formal-r02,8,e3/b/e3b-r02/B2/t/47d9f7508d1cf712,T1,e3/b/e3b-r02/B2/t/bab4cdc9f001ea77,T2,0.7362852555402993,0,3,0.3333333333333333
B2,formal-r02,8,e3/b/e3b-r02/B2/t/53457e283d0481a5,T2,e3/b/e3b-r02/B2/t/8e31024813c4188a,T1,0.7227550171676991,0,1,1.0
B2,formal-r02,8,e3/b/e3b-r02/B2/t/66fa663b41ced85f,T4,e3/b/e3b-r02/B2/t/da9197c0960249e4,T3,0.8129250299197301,0,2,0.5
B2,formal-r02,8,e3/b/e3b-r02/B2/t/758be68c4cdd02bb,T6,e3/b/e3b-r02/B2/t/de8a4bdf2c1c8b6a,T6,0.784502262787733,1,1,1.0
B2,formal-r02,8,e3/b/e3b-r02/B2/t/b41bdbaf5dc18dd0,T3,e3/b/e3b-r02/B2/t/47b96530e0a5dd91,T4,0.7981722621475921,0,1,1.0
B2,formal-r02,8,e3/b/e3b-r02/B2/t/b483be9a7248e095,T8,e3/b/e3b-r02/B2/t/1494adb69fc02cad,T5,0.6926506643450903,0,8,0.125
B2,formal-r02,8,e3/b/e3b-r02/B2/t/cfa6dabd940b2d21,T7,e3/b/e3b-r02/B2/t/b622620530fc88c8,T8,0.45672914424108363,0,1,1.0
B2,formal-r02,9,e3/b/e3b-r02/B2/t/1494adb69fc02cad,T5,e3/b/e3b-r02/B2/t/621a0dc700ee1e37,T4,0.7585455282184943,0,3,0.3333333333333333
B2,formal-r02,9,e3/b/e3b-r02/B2/t/47b96530e0a5dd91,T4,e3/b/e3b-r02/B2/t/cf79531ff45c5342,T5,0.8354657116365437,0,2,0.5
B2,formal-r02,9,e3/b/e3b-r02/B2/t/51a6550db3f4a326,T7,e3/b/e3b-r02/B2/t/c70aa3041f19f319,T7,0.8262501165578203,1,1,1.0
B2,formal-r02,9,e3/b/e3b-r02/B2/t/8e31024813c4188a,T1,e3/b/e3b-r02/B2/t/dbff6c6eb6c03f67,T2,0.6341584805190258,0,1,1.0
B2,formal-r02,9,e3/b/e3b-r02/B2/t/b622620530fc88c8,T8,e3/b/e3b-r02/B2/t/097b66fcdff5a616,T8,0.4915993683150138,1,1,1.0
B2,formal-r02,9,e3/b/e3b-r02/B2/t/bab4cdc9f001ea77,T2,e3/b/e3b-r02/B2/t/7b5cc8186772b5e7,T1,0.7789641522380713,0,2,0.5
B2,formal-r02,9,e3/b/e3b-r02/B2/t/da9197c0960249e4,T3,e3/b/e3b-r02/B2/t/2037bff82501d551,T3,0.8432358003455331,1,1,1.0
B2,formal-r02,9,e3/b/e3b-r02/B2/t/de8a4bdf2c1c8b6a,T6,e3/b/e3b-r02/B2/t/5dc787299e6deb5d,T6,0.7899849307198035,1,1,1.0
B2,formal-r02,10,e3/b/e3b-r02/B2/t/097b66fcdff5a616,T8,e3/b/e3b-r02/B2/t/aaf346766ab6a375,T8,0.8394273530969592,1,1,1.0
B2,formal-r02,10,e3/b/e3b-r02/B2/t/2037bff82501d551,T3,e3/b/e3b-r02/B2/t/c942c0492e2d3fc0,T2,0.7927135862041595,0,3,0.3333333333333333
B2,formal-r02,10,e3/b/e3b-r02/B2/t/5dc787299e6deb5d,T6,e3/b/e3b-r02/B2/t/c8d20bb24b652d3b,T6,0.39884854542941967,1,4,0.25
B2,formal-r02,10,e3/b/e3b-r02/B2/t/621a0dc700ee1e37,T4,e3/b/e3b-r02/B2/t/5adec54984b3cbfe,T5,0.3654773253747504,0,1,1.0
B2,formal-r02,10,e3/b/e3b-r02/B2/t/7b5cc8186772b5e7,T1,e3/b/e3b-r02/B2/t/f46d0c54af88689b,T1,0.7946589911819181,1,3,0.3333333333333333
B2,formal-r02,10,e3/b/e3b-r02/B2/t/c70aa3041f19f319,T7,e3/b/e3b-r02/B2/t/de8e83f87feea62c,T7,0.6973360062944495,1,3,0.3333333333333333
B2,formal-r02,10,e3/b/e3b-r02/B2/t/cf79531ff45c5342,T5,e3/b/e3b-r02/B2/t/5b205583566616c8,T4,0.7371989940537007,0,5,0.2
B2,formal-r02,10,e3/b/e3b-r02/B2/t/dbff6c6eb6c03f67,T2,e3/b/e3b-r02/B2/t/7f86e4d0e0d649b7,T3,0.7519409123355463,0,1,1.0
B2,formal-r02,11,e3/b/e3b-r02/B2/t/5adec54984b3cbfe,T5,e3/b/e3b-r02/B2/t/6edbf2fcbe0a7697,T5,0.8224669256574979,1,1,1.0
B2,formal-r02,11,e3/b/e3b-r02/B2/t/5b205583566616c8,T4,e3/b/e3b-r02/B2/t/b79617bc47cf804c,T4,0.808936749685078,1,1,1.0
B2,formal-r02,11,e3/b/e3b-r02/B2/t/7f86e4d0e0d649b7,T3,e3/b/e3b-r02/B2/t/b73161f7032334da,T2,0.7068320191421746,0,2,0.5
B2,formal-r02,11,e3/b/e3b-r02/B2/t/aaf346766ab6a375,T8,e3/b/e3b-r02/B2/t/d58801e98b204e3c,T8,0.4888099382279936,1,1,1.0
B2,formal-r02,11,e3/b/e3b-r02/B2/t/c8d20bb24b652d3b,T6,e3/b/e3b-r02/B2/t/84391a9d47ebfcb0,T7,0.8252840679090419,0,2,0.5
B2,formal-r02,11,e3/b/e3b-r02/B2/t/c942c0492e2d3fc0,T2,e3/b/e3b-r02/B2/t/a7bbc12bd2b8753e,T1,0.7800659196980158,0,3,0.3333333333333333
B2,formal-r02,11,e3/b/e3b-r02/B2/t/de8e83f87feea62c,T7,e3/b/e3b-r02/B2/t/510e994dc5793b19,T6,0.8012397782848649,0,3,0.3333333333333333
B2,formal-r02,11,e3/b/e3b-r02/B2/t/f46d0c54af88689b,T1,e3/b/e3b-r02/B2/t/464abb2066f83d14,T3,0.8240450813958918,0,2,0.5
B2,formal-r03,1,e3/b/e3b-r03/B2/t/202c56e4219089e9,T4,e3/b/e3b-r03/B2/t/9227f397f7cb2551,T4,0.8049545590500832,1,1,1.0
B2,formal-r03,1,e3/b/e3b-r03/B2/t/605bb329bb012708,T1,e3/b/e3b-r03/B2/t/517c8a1cce2bd7bf,T2,0.6543875353985928,0,5,0.2
B2,formal-r03,1,e3/b/e3b-r03/B2/t/7cfd61be72e35500,T7,e3/b/e3b-r03/B2/t/a8285a017ec90c71,T6,0.8170193306223982,0,3,0.3333333333333333
B2,formal-r03,1,e3/b/e3b-r03/B2/t/ae64435abe8e3c16,T5,e3/b/e3b-r03/B2/t/32bdbae46cc3dac9,T5,0.7815066012553797,1,1,1.0
B2,formal-r03,1,e3/b/e3b-r03/B2/t/ba5f8a1d95843797,T8,e3/b/e3b-r03/B2/t/e1d74f3f1b76e0a9,T7,0.48372877876752995,0,3,0.3333333333333333
B2,formal-r03,1,e3/b/e3b-r03/B2/t/cc79c06b727106b8,T2,e3/b/e3b-r03/B2/t/df4e98b8159beecb,T1,0.6153251897116917,0,2,0.5
B2,formal-r03,1,e3/b/e3b-r03/B2/t/dd8a540198a261ac,T3,e3/b/e3b-r03/B2/t/5bfc67769857956f,T3,0.7959442671995025,1,1,1.0
B2,formal-r03,1,e3/b/e3b-r03/B2/t/f927884893f8a997,T6,e3/b/e3b-r03/B2/t/fddb2ddc6235edf8,T8,0.8004197941024467,0,2,0.5
B2,formal-r03,2,e3/b/e3b-r03/B2/t/32bdbae46cc3dac9,T5,e3/b/e3b-r03/B2/t/153c2cd095ac3d7d,T6,0.6935732334920831,0,1,1.0
B2,formal-r03,2,e3/b/e3b-r03/B2/t/517c8a1cce2bd7bf,T2,e3/b/e3b-r03/B2/t/f774699413d07345,T3,0.7730925731374616,0,3,0.3333333333333333
B2,formal-r03,2,e3/b/e3b-r03/B2/t/5bfc67769857956f,T3,e3/b/e3b-r03/B2/t/757451f7fcca8f6a,T1,0.823517029202335,0,2,0.5
B2,formal-r03,2,e3/b/e3b-r03/B2/t/9227f397f7cb2551,T4,e3/b/e3b-r03/B2/t/3f304c61f7394b83,T4,0.8049800485827389,1,1,1.0
B2,formal-r03,2,e3/b/e3b-r03/B2/t/a8285a017ec90c71,T6,e3/b/e3b-r03/B2/t/f91516d68c74f265,T7,0.6552182304621591,0,1,1.0
B2,formal-r03,2,e3/b/e3b-r03/B2/t/df4e98b8159beecb,T1,e3/b/e3b-r03/B2/t/a78e8e0a30b716ed,T2,0.7958929297709372,0,3,0.3333333333333333
B2,formal-r03,2,e3/b/e3b-r03/B2/t/e1d74f3f1b76e0a9,T7,e3/b/e3b-r03/B2/t/82c26d58e2f268fc,T8,0.558143617596356,0,2,0.5
B2,formal-r03,2,e3/b/e3b-r03/B2/t/fddb2ddc6235edf8,T8,e3/b/e3b-r03/B2/t/5a8f5762be5989bb,T5,0.8197636232465884,0,5,0.2
B2,formal-r03,3,e3/b/e3b-r03/B2/t/153c2cd095ac3d7d,T6,e3/b/e3b-r03/B2/t/74dd7d25052a2f95,T6,0.7274767252446324,1,2,0.5
B2,formal-r03,3,e3/b/e3b-r03/B2/t/3f304c61f7394b83,T4,e3/b/e3b-r03/B2/t/4e20e53d9a309386,T4,0.8011324483287694,1,1,1.0
B2,formal-r03,3,e3/b/e3b-r03/B2/t/5a8f5762be5989bb,T5,e3/b/e3b-r03/B2/t/128eee962e30ee12,T5,0.6432952241050439,1,3,0.3333333333333333
B2,formal-r03,3,e3/b/e3b-r03/B2/t/757451f7fcca8f6a,T1,e3/b/e3b-r03/B2/t/732bcf16995a112b,T3,0.8491022968735459,0,4,0.25
B2,formal-r03,3,e3/b/e3b-r03/B2/t/82c26d58e2f268fc,T8,e3/b/e3b-r03/B2/t/324c5e4459ddd3ca,T7,0.8042391800781354,0,2,0.5
B2,formal-r03,3,e3/b/e3b-r03/B2/t/a78e8e0a30b716ed,T2,e3/b/e3b-r03/B2/t/4133f42c93bb42cf,T2,0.6551919143180214,1,1,1.0
B2,formal-r03,3,e3/b/e3b-r03/B2/t/f774699413d07345,T3,e3/b/e3b-r03/B2/t/3072fcfe96abd8e9,T1,0.8283549930769768,0,4,0.25
B2,formal-r03,3,e3/b/e3b-r03/B2/t/f91516d68c74f265,T7,e3/b/e3b-r03/B2/t/1a0c4a3908b226f7,T8,0.6793618466578648,0,1,1.0
B2,formal-r03,4,e3/b/e3b-r03/B2/t/128eee962e30ee12,T5,e3/b/e3b-r03/B2/t/96080a672965d3fa,T5,0.6212554390149704,1,3,0.3333333333333333
B2,formal-r03,4,e3/b/e3b-r03/B2/t/1a0c4a3908b226f7,T8,e3/b/e3b-r03/B2/t/b02432f805b89568,T6,0.6734485549648966,0,1,1.0
B2,formal-r03,4,e3/b/e3b-r03/B2/t/3072fcfe96abd8e9,T1,e3/b/e3b-r03/B2/t/8fbc4d9d327931b9,T3,0.8089321128986411,0,2,0.5
B2,formal-r03,4,e3/b/e3b-r03/B2/t/324c5e4459ddd3ca,T7,e3/b/e3b-r03/B2/t/e044c681afffedd9,T8,0.8232611605718676,0,3,0.3333333333333333
B2,formal-r03,4,e3/b/e3b-r03/B2/t/4133f42c93bb42cf,T2,e3/b/e3b-r03/B2/t/63439ce31f4b7759,T2,0.838994365021249,1,1,1.0
B2,formal-r03,4,e3/b/e3b-r03/B2/t/4e20e53d9a309386,T4,e3/b/e3b-r03/B2/t/01ef445f5669bda6,T1,0.7451378867159133,0,4,0.25
B2,formal-r03,4,e3/b/e3b-r03/B2/t/732bcf16995a112b,T3,e3/b/e3b-r03/B2/t/2423e4aa467142ba,T4,0.8177062451292287,0,2,0.5
B2,formal-r03,4,e3/b/e3b-r03/B2/t/74dd7d25052a2f95,T6,e3/b/e3b-r03/B2/t/c5b2daf2c3ea0a1e,T7,0.8101635178558988,0,2,0.5
B2,formal-r03,5,e3/b/e3b-r03/B2/t/01ef445f5669bda6,T1,e3/b/e3b-r03/B2/t/e7d4a0061fd5aeed,T1,0.7422621646969223,1,1,1.0
B2,formal-r03,5,e3/b/e3b-r03/B2/t/2423e4aa467142ba,T4,e3/b/e3b-r03/B2/t/b0c657dd44279595,T5,0.62799971848286,0,7,0.14285714285714285
B2,formal-r03,5,e3/b/e3b-r03/B2/t/63439ce31f4b7759,T2,e3/b/e3b-r03/B2/t/e12184dc4f83e938,T2,0.6544866110022515,1,2,0.5
B2,formal-r03,5,e3/b/e3b-r03/B2/t/8fbc4d9d327931b9,T3,e3/b/e3b-r03/B2/t/da30c38f299a109d,T3,0.5868566614970113,1,3,0.3333333333333333
B2,formal-r03,5,e3/b/e3b-r03/B2/t/96080a672965d3fa,T5,e3/b/e3b-r03/B2/t/ace05b64dafcc019,T7,0.819925048910142,0,4,0.25
B2,formal-r03,5,e3/b/e3b-r03/B2/t/b02432f805b89568,T6,e3/b/e3b-r03/B2/t/434558ec0caf1182,T6,0.7988847872951567,1,2,0.5
B2,formal-r03,5,e3/b/e3b-r03/B2/t/c5b2daf2c3ea0a1e,T7,e3/b/e3b-r03/B2/t/a0be5c130ac6825a,T4,0.6629529783443974,0,3,0.3333333333333333
B2,formal-r03,5,e3/b/e3b-r03/B2/t/e044c681afffedd9,T8,e3/b/e3b-r03/B2/t/f97c2deeec811d0a,T8,0.6699207096297225,1,1,1.0
B2,formal-r03,6,e3/b/e3b-r03/B2/t/434558ec0caf1182,T6,e3/b/e3b-r03/B2/t/fe2b58a098c656b8,T5,0.7781963281395867,0,4,0.25
B2,formal-r03,6,e3/b/e3b-r03/B2/t/a0be5c130ac6825a,T4,e3/b/e3b-r03/B2/t/cd0858326320c412,T6,0.820929822870445,0,5,0.2
B2,formal-r03,6,e3/b/e3b-r03/B2/t/ace05b64dafcc019,T7,e3/b/e3b-r03/B2/t/e661a338365e3751,T7,0.7751222732566315,1,1,1.0
B2,formal-r03,6,e3/b/e3b-r03/B2/t/b0c657dd44279595,T5,e3/b/e3b-r03/B2/t/b71b290658891f1a,T3,0.6250959613037781,0,2,0.5
B2,formal-r03,6,e3/b/e3b-r03/B2/t/da30c38f299a109d,T3,e3/b/e3b-r03/B2/t/65c45f1daaf2f645,T4,0.7908172891043044,0,3,0.3333333333333333
B2,formal-r03,6,e3/b/e3b-r03/B2/t/e12184dc4f83e938,T2,e3/b/e3b-r03/B2/t/448503c1afe74d0a,T2,0.653070255584979,1,3,0.3333333333333333
B2,formal-r03,6,e3/b/e3b-r03/B2/t/e7d4a0061fd5aeed,T1,e3/b/e3b-r03/B2/t/bb1c590d2d98af65,T1,0.8090518413081308,1,1,1.0
B2,formal-r03,6,e3/b/e3b-r03/B2/t/f97c2deeec811d0a,T8,e3/b/e3b-r03/B2/t/4c36f64626c4df19,T8,0.8003750349111982,1,1,1.0
B2,formal-r03,7,e3/b/e3b-r03/B2/t/448503c1afe74d0a,T2,e3/b/e3b-r03/B2/t/b41bdbaf5dc18dd0,T3,0.75417201404735,0,2,0.5
B2,formal-r03,7,e3/b/e3b-r03/B2/t/4c36f64626c4df19,T8,e3/b/e3b-r03/B2/t/b483be9a7248e095,T8,0.7555830399391389,1,1,1.0
B2,formal-r03,7,e3/b/e3b-r03/B2/t/65c45f1daaf2f645,T4,e3/b/e3b-r03/B2/t/66fa663b41ced85f,T4,0.8092924563948386,1,1,1.0
B2,formal-r03,7,e3/b/e3b-r03/B2/t/b71b290658891f1a,T3,e3/b/e3b-r03/B2/t/53457e283d0481a5,T2,0.6804970988177987,0,1,1.0
B2,formal-r03,7,e3/b/e3b-r03/B2/t/bb1c590d2d98af65,T1,e3/b/e3b-r03/B2/t/47d9f7508d1cf712,T1,0.7462533257363188,1,1,1.0
B2,formal-r03,7,e3/b/e3b-r03/B2/t/cd0858326320c412,T6,e3/b/e3b-r03/B2/t/758be68c4cdd02bb,T6,0.5696183779426165,1,3,0.3333333333333333
B2,formal-r03,7,e3/b/e3b-r03/B2/t/e661a338365e3751,T7,e3/b/e3b-r03/B2/t/43277480b5ea4f36,T5,0.6149248768113846,0,6,0.16666666666666666
B2,formal-r03,7,e3/b/e3b-r03/B2/t/fe2b58a098c656b8,T5,e3/b/e3b-r03/B2/t/cfa6dabd940b2d21,T7,0.22606461952746876,0,4,0.25
B2,formal-r03,8,e3/b/e3b-r03/B2/t/43277480b5ea4f36,T5,e3/b/e3b-r03/B2/t/51a6550db3f4a326,T7,0.8202872613465665,0,3,0.3333333333333333
B2,formal-r03,8,e3/b/e3b-r03/B2/t/47d9f7508d1cf712,T1,e3/b/e3b-r03/B2/t/bab4cdc9f001ea77,T2,0.6911566945465892,0,2,0.5
B2,formal-r03,8,e3/b/e3b-r03/B2/t/53457e283d0481a5,T2,e3/b/e3b-r03/B2/t/da9197c0960249e4,T3,0.7330500010362383,0,3,0.3333333333333333
B2,formal-r03,8,e3/b/e3b-r03/B2/t/66fa663b41ced85f,T4,e3/b/e3b-r03/B2/t/47b96530e0a5dd91,T4,0.6595230340163963,1,2,0.5
B2,formal-r03,8,e3/b/e3b-r03/B2/t/758be68c4cdd02bb,T6,e3/b/e3b-r03/B2/t/1494adb69fc02cad,T5,0.7810109492364812,0,5,0.2
B2,formal-r03,8,e3/b/e3b-r03/B2/t/b41bdbaf5dc18dd0,T3,e3/b/e3b-r03/B2/t/8e31024813c4188a,T1,0.8309730565183786,0,3,0.3333333333333333
B2,formal-r03,8,e3/b/e3b-r03/B2/t/b483be9a7248e095,T8,e3/b/e3b-r03/B2/t/b622620530fc88c8,T8,0.6903910176595703,1,2,0.5
B2,formal-r03,8,e3/b/e3b-r03/B2/t/cfa6dabd940b2d21,T7,e3/b/e3b-r03/B2/t/de8a4bdf2c1c8b6a,T6,0.550748881484905,0,3,0.3333333333333333
B2,formal-r03,9,e3/b/e3b-r03/B2/t/1494adb69fc02cad,T5,e3/b/e3b-r03/B2/t/c70aa3041f19f319,T7,0.7990701064995388,0,3,0.3333333333333333
B2,formal-r03,9,e3/b/e3b-r03/B2/t/47b96530e0a5dd91,T4,e3/b/e3b-r03/B2/t/cf79531ff45c5342,T5,0.8257002473679335,0,3,0.3333333333333333
B2,formal-r03,9,e3/b/e3b-r03/B2/t/51a6550db3f4a326,T7,e3/b/e3b-r03/B2/t/621a0dc700ee1e37,T4,0.6683154522636354,0,4,0.25
B2,formal-r03,9,e3/b/e3b-r03/B2/t/8e31024813c4188a,T1,e3/b/e3b-r03/B2/t/2037bff82501d551,T3,0.8350778883272945,0,3,0.3333333333333333
B2,formal-r03,9,e3/b/e3b-r03/B2/t/b622620530fc88c8,T8,e3/b/e3b-r03/B2/t/5dc787299e6deb5d,T6,0.5811424442019449,0,1,1.0
B2,formal-r03,9,e3/b/e3b-r03/B2/t/bab4cdc9f001ea77,T2,e3/b/e3b-r03/B2/t/7b5cc8186772b5e7,T1,0.8137313348070363,0,3,0.3333333333333333
B2,formal-r03,9,e3/b/e3b-r03/B2/t/da9197c0960249e4,T3,e3/b/e3b-r03/B2/t/dbff6c6eb6c03f67,T2,0.6174692285141552,0,6,0.16666666666666666
B2,formal-r03,9,e3/b/e3b-r03/B2/t/de8a4bdf2c1c8b6a,T6,e3/b/e3b-r03/B2/t/097b66fcdff5a616,T8,0.7762690349346817,0,2,0.5
B2,formal-r03,10,e3/b/e3b-r03/B2/t/097b66fcdff5a616,T8,e3/b/e3b-r03/B2/t/aaf346766ab6a375,T8,0.7374028328346904,1,1,1.0
B2,formal-r03,10,e3/b/e3b-r03/B2/t/2037bff82501d551,T3,e3/b/e3b-r03/B2/t/f46d0c54af88689b,T1,0.7034477300384582,0,2,0.5
B2,formal-r03,10,e3/b/e3b-r03/B2/t/5dc787299e6deb5d,T6,e3/b/e3b-r03/B2/t/de8e83f87feea62c,T7,0.6396295421461017,0,1,1.0
B2,formal-r03,10,e3/b/e3b-r03/B2/t/621a0dc700ee1e37,T4,e3/b/e3b-r03/B2/t/c8d20bb24b652d3b,T6,0.804303896422621,0,2,0.5
B2,formal-r03,10,e3/b/e3b-r03/B2/t/7b5cc8186772b5e7,T1,e3/b/e3b-r03/B2/t/7f86e4d0e0d649b7,T3,0.7861443277364545,0,3,0.3333333333333333
B2,formal-r03,10,e3/b/e3b-r03/B2/t/c70aa3041f19f319,T7,e3/b/e3b-r03/B2/t/5adec54984b3cbfe,T5,0.7157416272655295,0,4,0.25
B2,formal-r03,10,e3/b/e3b-r03/B2/t/cf79531ff45c5342,T5,e3/b/e3b-r03/B2/t/5b205583566616c8,T4,0.7802632651581249,0,3,0.3333333333333333
B2,formal-r03,10,e3/b/e3b-r03/B2/t/dbff6c6eb6c03f67,T2,e3/b/e3b-r03/B2/t/c942c0492e2d3fc0,T2,0.7782161795157024,1,1,1.0
B2,formal-r03,11,e3/b/e3b-r03/B2/t/5adec54984b3cbfe,T5,e3/b/e3b-r03/B2/t/84391a9d47ebfcb0,T7,0.7565962619953448,0,3,0.3333333333333333
B2,formal-r03,11,e3/b/e3b-r03/B2/t/5b205583566616c8,T4,e3/b/e3b-r03/B2/t/b79617bc47cf804c,T4,0.7633696073852557,1,1,1.0
B2,formal-r03,11,e3/b/e3b-r03/B2/t/7f86e4d0e0d649b7,T3,e3/b/e3b-r03/B2/t/a7bbc12bd2b8753e,T1,0.7687774085606602,0,2,0.5
B2,formal-r03,11,e3/b/e3b-r03/B2/t/aaf346766ab6a375,T8,e3/b/e3b-r03/B2/t/d58801e98b204e3c,T8,0.7307249851615414,1,2,0.5
B2,formal-r03,11,e3/b/e3b-r03/B2/t/c8d20bb24b652d3b,T6,e3/b/e3b-r03/B2/t/6edbf2fcbe0a7697,T5,0.8009581615469153,0,2,0.5
B2,formal-r03,11,e3/b/e3b-r03/B2/t/c942c0492e2d3fc0,T2,e3/b/e3b-r03/B2/t/464abb2066f83d14,T3,0.6617909329221873,0,1,1.0
B2,formal-r03,11,e3/b/e3b-r03/B2/t/de8e83f87feea62c,T7,e3/b/e3b-r03/B2/t/510e994dc5793b19,T6,0.8162541346781848,0,3,0.3333333333333333
B2,formal-r03,11,e3/b/e3b-r03/B2/t/f46d0c54af88689b,T1,e3/b/e3b-r03/B2/t/b73161f7032334da,T2,0.7924515452402114,0,2,0.5
B2,formal-r04,1,e3/b/e3b-r04/B2/t/202c56e4219089e9,T4,e3/b/e3b-r04/B2/t/9227f397f7cb2551,T4,0.854241459181418,1,1,1.0
B2,formal-r04,1,e3/b/e3b-r04/B2/t/605bb329bb012708,T1,e3/b/e3b-r04/B2/t/df4e98b8159beecb,T1,0.7463433431908133,1,1,1.0
B2,formal-r04,1,e3/b/e3b-r04/B2/t/7cfd61be72e35500,T7,e3/b/e3b-r04/B2/t/a8285a017ec90c71,T6,0.7778855422202827,0,3,0.3333333333333333
B2,formal-r04,1,e3/b/e3b-r04/B2/t/ae64435abe8e3c16,T5,e3/b/e3b-r04/B2/t/32bdbae46cc3dac9,T5,0.7493440272936777,1,3,0.3333333333333333
B2,formal-r04,1,e3/b/e3b-r04/B2/t/ba5f8a1d95843797,T8,e3/b/e3b-r04/B2/t/e1d74f3f1b76e0a9,T7,0.8148106923180746,0,2,0.5
B2,formal-r04,1,e3/b/e3b-r04/B2/t/cc79c06b727106b8,T2,e3/b/e3b-r04/B2/t/517c8a1cce2bd7bf,T2,0.8064151113530973,1,2,0.5
B2,formal-r04,1,e3/b/e3b-r04/B2/t/dd8a540198a261ac,T3,e3/b/e3b-r04/B2/t/5bfc67769857956f,T3,0.8514521007585973,1,1,1.0
B2,formal-r04,1,e3/b/e3b-r04/B2/t/f927884893f8a997,T6,e3/b/e3b-r04/B2/t/fddb2ddc6235edf8,T8,0.6689125304961102,0,3,0.3333333333333333
B2,formal-r04,2,e3/b/e3b-r04/B2/t/32bdbae46cc3dac9,T5,e3/b/e3b-r04/B2/t/f774699413d07345,T3,0.6850948553867788,0,3,0.3333333333333333
B2,formal-r04,2,e3/b/e3b-r04/B2/t/517c8a1cce2bd7bf,T2,e3/b/e3b-r04/B2/t/a78e8e0a30b716ed,T2,0.7058708451860317,1,3,0.3333333333333333
B2,formal-r04,2,e3/b/e3b-r04/B2/t/5bfc67769857956f,T3,e3/b/e3b-r04/B2/t/757451f7fcca8f6a,T1,0.7122035607055504,0,4,0.25
B2,formal-r04,2,e3/b/e3b-r04/B2/t/9227f397f7cb2551,T4,e3/b/e3b-r04/B2/t/3f304c61f7394b83,T4,0.8081937192656323,1,1,1.0
B2,formal-r04,2,e3/b/e3b-r04/B2/t/a8285a017ec90c71,T6,e3/b/e3b-r04/B2/t/153c2cd095ac3d7d,T6,0.7242112170508179,1,1,1.0
B2,formal-r04,2,e3/b/e3b-r04/B2/t/df4e98b8159beecb,T1,e3/b/e3b-r04/B2/t/82c26d58e2f268fc,T8,0.00020170389281546266,0,1,1.0
B2,formal-r04,2,e3/b/e3b-r04/B2/t/e1d74f3f1b76e0a9,T7,e3/b/e3b-r04/B2/t/f91516d68c74f265,T7,0.7423802907630918,1,2,0.5
B2,formal-r04,2,e3/b/e3b-r04/B2/t/fddb2ddc6235edf8,T8,e3/b/e3b-r04/B2/t/5a8f5762be5989bb,T5,0.8154904422244966,0,8,0.125
B2,formal-r04,3,e3/b/e3b-r04/B2/t/153c2cd095ac3d7d,T6,e3/b/e3b-r04/B2/t/4e20e53d9a309386,T4,0.815839748507475,0,2,0.5
B2,formal-r04,3,e3/b/e3b-r04/B2/t/3f304c61f7394b83,T4,e3/b/e3b-r04/B2/t/128eee962e30ee12,T5,0.835738397093403,0,4,0.25
B2,formal-r04,3,e3/b/e3b-r04/B2/t/5a8f5762be5989bb,T5,e3/b/e3b-r04/B2/t/74dd7d25052a2f95,T6,0.7420834886087924,0,6,0.16666666666666666
B2,formal-r04,3,e3/b/e3b-r04/B2/t/757451f7fcca8f6a,T1,e3/b/e3b-r04/B2/t/4133f42c93bb42cf,T2,0.6649931748427828,0,1,1.0
B2,formal-r04,3,e3/b/e3b-r04/B2/t/82c26d58e2f268fc,T8,e3/b/e3b-r04/B2/t/1a0c4a3908b226f7,T8,0.2425693908342649,1,1,1.0
B2,formal-r04,3,e3/b/e3b-r04/B2/t/a78e8e0a30b716ed,T2,e3/b/e3b-r04/B2/t/3072fcfe96abd8e9,T1,0.5276238254905397,0,5,0.2
B2,formal-r04,3,e3/b/e3b-r04/B2/t/f774699413d07345,T3,e3/b/e3b-r04/B2/t/732bcf16995a112b,T3,0.7174263227918768,1,2,0.5
B2,formal-r04,3,e3/b/e3b-r04/B2/t/f91516d68c74f265,T7,e3/b/e3b-r04/B2/t/324c5e4459ddd3ca,T7,0.835823461502443,1,1,1.0
B2,formal-r04,4,e3/b/e3b-r04/B2/t/128eee962e30ee12,T5,e3/b/e3b-r04/B2/t/8fbc4d9d327931b9,T3,0.7816714152310386,0,5,0.2
B2,formal-r04,4,e3/b/e3b-r04/B2/t/1a0c4a3908b226f7,T8,e3/b/e3b-r04/B2/t/e044c681afffedd9,T8,0.7103824239821865,1,1,1.0
B2,formal-r04,4,e3/b/e3b-r04/B2/t/3072fcfe96abd8e9,T1,e3/b/e3b-r04/B2/t/b02432f805b89568,T6,0.010605020193609548,0,1,1.0
B2,formal-r04,4,e3/b/e3b-r04/B2/t/324c5e4459ddd3ca,T7,e3/b/e3b-r04/B2/t/c5b2daf2c3ea0a1e,T7,0.8561982515676151,1,1,1.0
B2,formal-r04,4,e3/b/e3b-r04/B2/t/4133f42c93bb42cf,T2,e3/b/e3b-r04/B2/t/01ef445f5669bda6,T1,0.7906977560941323,0,2,0.5
B2,formal-r04,4,e3/b/e3b-r04/B2/t/4e20e53d9a309386,T4,e3/b/e3b-r04/B2/t/2423e4aa467142ba,T4,0.6523023573648251,1,2,0.5
B2,formal-r04,4,e3/b/e3b-r04/B2/t/732bcf16995a112b,T3,e3/b/e3b-r04/B2/t/63439ce31f4b7759,T2,0.805638553544365,0,3,0.3333333333333333
B2,formal-r04,4,e3/b/e3b-r04/B2/t/74dd7d25052a2f95,T6,e3/b/e3b-r04/B2/t/96080a672965d3fa,T5,0.5872361248621385,0,4,0.25
B2,formal-r04,5,e3/b/e3b-r04/B2/t/01ef445f5669bda6,T1,e3/b/e3b-r04/B2/t/e12184dc4f83e938,T2,0.8072901257629227,0,1,1.0
B2,formal-r04,5,e3/b/e3b-r04/B2/t/2423e4aa467142ba,T4,e3/b/e3b-r04/B2/t/f97c2deeec811d0a,T8,0.7104694248077591,0,6,0.16666666666666666
B2,formal-r04,5,e3/b/e3b-r04/B2/t/63439ce31f4b7759,T2,e3/b/e3b-r04/B2/t/e7d4a0061fd5aeed,T1,0.7701445462114825,0,2,0.5
B2,formal-r04,5,e3/b/e3b-r04/B2/t/8fbc4d9d327931b9,T3,e3/b/e3b-r04/B2/t/a0be5c130ac6825a,T4,0.7878378852132271,0,5,0.2
B2,formal-r04,5,e3/b/e3b-r04/B2/t/96080a672965d3fa,T5,e3/b/e3b-r04/B2/t/b0c657dd44279595,T5,0.35566196684309176,1,5,0.2
B2,formal-r04,5,e3/b/e3b-r04/B2/t/b02432f805b89568,T6,e3/b/e3b-r04/B2/t/da30c38f299a109d,T3,0.47807121568696637,0,2,0.5
B2,formal-r04,5,e3/b/e3b-r04/B2/t/c5b2daf2c3ea0a1e,T7,e3/b/e3b-r04/B2/t/434558ec0caf1182,T6,0.7641816837850511,0,1,1.0
B2,formal-r04,5,e3/b/e3b-r04/B2/t/e044c681afffedd9,T8,e3/b/e3b-r04/B2/t/ace05b64dafcc019,T7,0.6364819946743958,0,3,0.3333333333333333
B2,formal-r04,6,e3/b/e3b-r04/B2/t/434558ec0caf1182,T6,e3/b/e3b-r04/B2/t/4c36f64626c4df19,T8,0.7888358030785829,0,4,0.25
B2,formal-r04,6,e3/b/e3b-r04/B2/t/a0be5c130ac6825a,T4,e3/b/e3b-r04/B2/t/b71b290658891f1a,T3,0.8116383756309676,0,3,0.3333333333333333
B2,formal-r04,6,e3/b/e3b-r04/B2/t/ace05b64dafcc019,T7,e3/b/e3b-r04/B2/t/e661a338365e3751,T7,0.8384697806646472,1,1,1.0
B2,formal-r04,6,e3/b/e3b-r04/B2/t/b0c657dd44279595,T5,e3/b/e3b-r04/B2/t/cd0858326320c412,T6,0.8534788761863183,0,3,0.3333333333333333
B2,formal-r04,6,e3/b/e3b-r04/B2/t/da30c38f299a109d,T3,e3/b/e3b-r04/B2/t/448503c1afe74d0a,T2,0.7566029094677025,0,3,0.3333333333333333
B2,formal-r04,6,e3/b/e3b-r04/B2/t/e12184dc4f83e938,T2,e3/b/e3b-r04/B2/t/bb1c590d2d98af65,T1,0.754659521349311,0,4,0.25
B2,formal-r04,6,e3/b/e3b-r04/B2/t/e7d4a0061fd5aeed,T1,e3/b/e3b-r04/B2/t/65c45f1daaf2f645,T4,0.7935233447101403,0,4,0.25
B2,formal-r04,6,e3/b/e3b-r04/B2/t/f97c2deeec811d0a,T8,e3/b/e3b-r04/B2/t/fe2b58a098c656b8,T5,0.808932203196078,0,4,0.25
B2,formal-r04,7,e3/b/e3b-r04/B2/t/448503c1afe74d0a,T2,e3/b/e3b-r04/B2/t/cfa6dabd940b2d21,T7,0.169676487052617,0,3,0.3333333333333333
B2,formal-r04,7,e3/b/e3b-r04/B2/t/4c36f64626c4df19,T8,e3/b/e3b-r04/B2/t/b483be9a7248e095,T8,0.7941687209168004,1,1,1.0
B2,formal-r04,7,e3/b/e3b-r04/B2/t/65c45f1daaf2f645,T4,e3/b/e3b-r04/B2/t/53457e283d0481a5,T2,0.5653719891924879,0,5,0.2
B2,formal-r04,7,e3/b/e3b-r04/B2/t/b71b290658891f1a,T3,e3/b/e3b-r04/B2/t/b41bdbaf5dc18dd0,T3,0.7244190404875122,1,1,1.0
B2,formal-r04,7,e3/b/e3b-r04/B2/t/bb1c590d2d98af65,T1,e3/b/e3b-r04/B2/t/47d9f7508d1cf712,T1,0.46825002302390045,1,3,0.3333333333333333
B2,formal-r04,7,e3/b/e3b-r04/B2/t/cd0858326320c412,T6,e3/b/e3b-r04/B2/t/43277480b5ea4f36,T5,0.7815588000726524,0,5,0.2
B2,formal-r04,7,e3/b/e3b-r04/B2/t/e661a338365e3751,T7,e3/b/e3b-r04/B2/t/758be68c4cdd02bb,T6,0.7921595363402062,0,2,0.5
B2,formal-r04,7,e3/b/e3b-r04/B2/t/fe2b58a098c656b8,T5,e3/b/e3b-r04/B2/t/66fa663b41ced85f,T4,0.7243076831208457,0,1,1.0
B2,formal-r04,8,e3/b/e3b-r04/B2/t/43277480b5ea4f36,T5,e3/b/e3b-r04/B2/t/de8a4bdf2c1c8b6a,T6,0.6134115713801612,0,1,1.0
B2,formal-r04,8,e3/b/e3b-r04/B2/t/47d9f7508d1cf712,T1,e3/b/e3b-r04/B2/t/8e31024813c4188a,T1,0.22816761377627934,1,2,0.5
B2,formal-r04,8,e3/b/e3b-r04/B2/t/53457e283d0481a5,T2,e3/b/e3b-r04/B2/t/bab4cdc9f001ea77,T2,0.6628413961569309,1,1,1.0
B2,formal-r04,8,e3/b/e3b-r04/B2/t/66fa663b41ced85f,T4,e3/b/e3b-r04/B2/t/da9197c0960249e4,T3,0.6094322067922336,0,6,0.16666666666666666
B2,formal-r04,8,e3/b/e3b-r04/B2/t/758be68c4cdd02bb,T6,e3/b/e3b-r04/B2/t/b622620530fc88c8,T8,0.8343888958587615,0,5,0.2
B2,formal-r04,8,e3/b/e3b-r04/B2/t/b41bdbaf5dc18dd0,T3,e3/b/e3b-r04/B2/t/47b96530e0a5dd91,T4,0.8381855909462421,0,5,0.2
B2,formal-r04,8,e3/b/e3b-r04/B2/t/b483be9a7248e095,T8,e3/b/e3b-r04/B2/t/51a6550db3f4a326,T7,0.5255456789629851,0,1,1.0
B2,formal-r04,8,e3/b/e3b-r04/B2/t/cfa6dabd940b2d21,T7,e3/b/e3b-r04/B2/t/1494adb69fc02cad,T5,0.7657786508544611,0,1,1.0
B2,formal-r04,9,e3/b/e3b-r04/B2/t/1494adb69fc02cad,T5,e3/b/e3b-r04/B2/t/5dc787299e6deb5d,T6,0.8394168808587946,0,2,0.5
B2,formal-r04,9,e3/b/e3b-r04/B2/t/47b96530e0a5dd91,T4,e3/b/e3b-r04/B2/t/2037bff82501d551,T3,0.8338219171252095,0,2,0.5
B2,formal-r04,9,e3/b/e3b-r04/B2/t/51a6550db3f4a326,T7,e3/b/e3b-r04/B2/t/c70aa3041f19f319,T7,0.8511374513155241,1,1,1.0
B2,formal-r04,9,e3/b/e3b-r04/B2/t/8e31024813c4188a,T1,e3/b/e3b-r04/B2/t/dbff6c6eb6c03f67,T2,0.7495155428196923,0,3,0.3333333333333333
B2,formal-r04,9,e3/b/e3b-r04/B2/t/b622620530fc88c8,T8,e3/b/e3b-r04/B2/t/097b66fcdff5a616,T8,0.6528763311584912,1,1,1.0
B2,formal-r04,9,e3/b/e3b-r04/B2/t/bab4cdc9f001ea77,T2,e3/b/e3b-r04/B2/t/7b5cc8186772b5e7,T1,0.8349310571499019,0,2,0.5
B2,formal-r04,9,e3/b/e3b-r04/B2/t/da9197c0960249e4,T3,e3/b/e3b-r04/B2/t/621a0dc700ee1e37,T4,0.7778050638749224,0,2,0.5
B2,formal-r04,9,e3/b/e3b-r04/B2/t/de8a4bdf2c1c8b6a,T6,e3/b/e3b-r04/B2/t/cf79531ff45c5342,T5,0.7776610223281053,0,2,0.5
B2,formal-r04,10,e3/b/e3b-r04/B2/t/097b66fcdff5a616,T8,e3/b/e3b-r04/B2/t/aaf346766ab6a375,T8,0.7331514579393292,1,1,1.0
B2,formal-r04,10,e3/b/e3b-r04/B2/t/2037bff82501d551,T3,e3/b/e3b-r04/B2/t/5adec54984b3cbfe,T5,0.42913719124150806,0,1,1.0
B2,formal-r04,10,e3/b/e3b-r04/B2/t/5dc787299e6deb5d,T6,e3/b/e3b-r04/B2/t/de8e83f87feea62c,T7,0.7634786101181743,0,4,0.25
B2,formal-r04,10,e3/b/e3b-r04/B2/t/621a0dc700ee1e37,T4,e3/b/e3b-r04/B2/t/7f86e4d0e0d649b7,T3,0.8469734205695587,0,5,0.2
B2,formal-r04,10,e3/b/e3b-r04/B2/t/7b5cc8186772b5e7,T1,e3/b/e3b-r04/B2/t/f46d0c54af88689b,T1,0.841256474423403,1,1,1.0
B2,formal-r04,10,e3/b/e3b-r04/B2/t/c70aa3041f19f319,T7,e3/b/e3b-r04/B2/t/c8d20bb24b652d3b,T6,0.8358013308581582,0,2,0.5
B2,formal-r04,10,e3/b/e3b-r04/B2/t/cf79531ff45c5342,T5,e3/b/e3b-r04/B2/t/5b205583566616c8,T4,0.7873656282337964,0,1,1.0
B2,formal-r04,10,e3/b/e3b-r04/B2/t/dbff6c6eb6c03f67,T2,e3/b/e3b-r04/B2/t/c942c0492e2d3fc0,T2,0.7647962370815891,1,3,0.3333333333333333
B2,formal-r04,11,e3/b/e3b-r04/B2/t/5adec54984b3cbfe,T5,e3/b/e3b-r04/B2/t/6edbf2fcbe0a7697,T5,0.8097092586639975,1,1,1.0
B2,formal-r04,11,e3/b/e3b-r04/B2/t/5b205583566616c8,T4,e3/b/e3b-r04/B2/t/b79617bc47cf804c,T4,0.814135201529429,1,2,0.5
B2,formal-r04,11,e3/b/e3b-r04/B2/t/7f86e4d0e0d649b7,T3,e3/b/e3b-r04/B2/t/a7bbc12bd2b8753e,T1,0.808746175990128,0,2,0.5
B2,formal-r04,11,e3/b/e3b-r04/B2/t/aaf346766ab6a375,T8,e3/b/e3b-r04/B2/t/84391a9d47ebfcb0,T7,0.7710798010912113,0,2,0.5
B2,formal-r04,11,e3/b/e3b-r04/B2/t/c8d20bb24b652d3b,T6,e3/b/e3b-r04/B2/t/d58801e98b204e3c,T8,0.7390300300967917,0,3,0.3333333333333333
B2,formal-r04,11,e3/b/e3b-r04/B2/t/c942c0492e2d3fc0,T2,e3/b/e3b-r04/B2/t/464abb2066f83d14,T3,0.8212040411751284,0,3,0.3333333333333333
B2,formal-r04,11,e3/b/e3b-r04/B2/t/de8e83f87feea62c,T7,e3/b/e3b-r04/B2/t/510e994dc5793b19,T6,0.7881885122204976,0,6,0.16666666666666666
B2,formal-r04,11,e3/b/e3b-r04/B2/t/f46d0c54af88689b,T1,e3/b/e3b-r04/B2/t/b73161f7032334da,T2,0.7097155764649138,0,4,0.25
B2,formal-r05,1,e3/b/e3b-r05/B2/t/202c56e4219089e9,T4,e3/b/e3b-r05/B2/t/32bdbae46cc3dac9,T5,0.8158566096516869,0,5,0.2
B2,formal-r05,1,e3/b/e3b-r05/B2/t/605bb329bb012708,T1,e3/b/e3b-r05/B2/t/517c8a1cce2bd7bf,T2,0.7901311236879855,0,2,0.5
B2,formal-r05,1,e3/b/e3b-r05/B2/t/7cfd61be72e35500,T7,e3/b/e3b-r05/B2/t/e1d74f3f1b76e0a9,T7,0.7233058081307567,1,1,1.0
B2,formal-r05,1,e3/b/e3b-r05/B2/t/ae64435abe8e3c16,T5,e3/b/e3b-r05/B2/t/5bfc67769857956f,T3,0.6753353194748136,0,1,1.0
B2,formal-r05,1,e3/b/e3b-r05/B2/t/ba5f8a1d95843797,T8,e3/b/e3b-r05/B2/t/fddb2ddc6235edf8,T8,0.6976240442279107,1,1,1.0
B2,formal-r05,1,e3/b/e3b-r05/B2/t/cc79c06b727106b8,T2,e3/b/e3b-r05/B2/t/df4e98b8159beecb,T1,0.7808324303325994,0,2,0.5
B2,formal-r05,1,e3/b/e3b-r05/B2/t/dd8a540198a261ac,T3,e3/b/e3b-r05/B2/t/9227f397f7cb2551,T4,0.8348036075607951,0,2,0.5
B2,formal-r05,1,e3/b/e3b-r05/B2/t/f927884893f8a997,T6,e3/b/e3b-r05/B2/t/a8285a017ec90c71,T6,0.77104204663511,1,2,0.5
B2,formal-r05,2,e3/b/e3b-r05/B2/t/32bdbae46cc3dac9,T5,e3/b/e3b-r05/B2/t/153c2cd095ac3d7d,T6,0.6368747881480282,0,1,1.0
B2,formal-r05,2,e3/b/e3b-r05/B2/t/517c8a1cce2bd7bf,T2,e3/b/e3b-r05/B2/t/a78e8e0a30b716ed,T2,0.6375954712687469,1,2,0.5
B2,formal-r05,2,e3/b/e3b-r05/B2/t/5bfc67769857956f,T3,e3/b/e3b-r05/B2/t/f774699413d07345,T3,0.6251245031505135,1,1,1.0
B2,formal-r05,2,e3/b/e3b-r05/B2/t/9227f397f7cb2551,T4,e3/b/e3b-r05/B2/t/f91516d68c74f265,T7,0.07519035705899905,0,4,0.25
B2,formal-r05,2,e3/b/e3b-r05/B2/t/a8285a017ec90c71,T6,e3/b/e3b-r05/B2/t/5a8f5762be5989bb,T5,0.8179740645403234,0,3,0.3333333333333333
B2,formal-r05,2,e3/b/e3b-r05/B2/t/df4e98b8159beecb,T1,e3/b/e3b-r05/B2/t/757451f7fcca8f6a,T1,0.6417888219647854,1,3,0.3333333333333333
B2,formal-r05,2,e3/b/e3b-r05/B2/t/e1d74f3f1b76e0a9,T7,e3/b/e3b-r05/B2/t/3f304c61f7394b83,T4,0.8301461778215284,0,4,0.25
B2,formal-r05,2,e3/b/e3b-r05/B2/t/fddb2ddc6235edf8,T8,e3/b/e3b-r05/B2/t/82c26d58e2f268fc,T8,0.817733066556544,1,1,1.0
B2,formal-r05,3,e3/b/e3b-r05/B2/t/153c2cd095ac3d7d,T6,e3/b/e3b-r05/B2/t/324c5e4459ddd3ca,T7,0.8385591432021617,0,3,0.3333333333333333
B2,formal-r05,3,e3/b/e3b-r05/B2/t/3f304c61f7394b83,T4,e3/b/e3b-r05/B2/t/74dd7d25052a2f95,T6,0.6227235448172352,0,5,0.2
B2,formal-r05,3,e3/b/e3b-r05/B2/t/5a8f5762be5989bb,T5,e3/b/e3b-r05/B2/t/128eee962e30ee12,T5,0.7492569163480689,1,1,1.0
B2,formal-r05,3,e3/b/e3b-r05/B2/t/757451f7fcca8f6a,T1,e3/b/e3b-r05/B2/t/4e20e53d9a309386,T4,0.09815738439849227,0,1,1.0
B2,formal-r05,3,e3/b/e3b-r05/B2/t/82c26d58e2f268fc,T8,e3/b/e3b-r05/B2/t/1a0c4a3908b226f7,T8,0.5703352077460964,1,2,0.5
B2,formal-r05,3,e3/b/e3b-r05/B2/t/a78e8e0a30b716ed,T2,e3/b/e3b-r05/B2/t/3072fcfe96abd8e9,T1,0.7095544681045843,0,2,0.5
B2,formal-r05,3,e3/b/e3b-r05/B2/t/f774699413d07345,T3,e3/b/e3b-r05/B2/t/4133f42c93bb42cf,T2,0.7584403769309341,0,4,0.25
B2,formal-r05,3,e3/b/e3b-r05/B2/t/f91516d68c74f265,T7,e3/b/e3b-r05/B2/t/732bcf16995a112b,T3,0.10688145925706016,0,1,1.0
B2,formal-r05,4,e3/b/e3b-r05/B2/t/128eee962e30ee12,T5,e3/b/e3b-r05/B2/t/96080a672965d3fa,T5,0.8054030808183259,1,3,0.3333333333333333
B2,formal-r05,4,e3/b/e3b-r05/B2/t/1a0c4a3908b226f7,T8,e3/b/e3b-r05/B2/t/c5b2daf2c3ea0a1e,T7,0.3102632293988548,0,1,1.0
B2,formal-r05,4,e3/b/e3b-r05/B2/t/3072fcfe96abd8e9,T1,e3/b/e3b-r05/B2/t/01ef445f5669bda6,T1,0.4500015842063371,1,4,0.25
B2,formal-r05,4,e3/b/e3b-r05/B2/t/324c5e4459ddd3ca,T7,e3/b/e3b-r05/B2/t/e044c681afffedd9,T8,0.6066193224847142,0,2,0.5
B2,formal-r05,4,e3/b/e3b-r05/B2/t/4133f42c93bb42cf,T2,e3/b/e3b-r05/B2/t/8fbc4d9d327931b9,T3,0.7112532696895845,0,1,1.0
B2,formal-r05,4,e3/b/e3b-r05/B2/t/4e20e53d9a309386,T4,e3/b/e3b-r05/B2/t/2423e4aa467142ba,T4,0.6445557009012858,1,2,0.5
B2,formal-r05,4,e3/b/e3b-r05/B2/t/732bcf16995a112b,T3,e3/b/e3b-r05/B2/t/63439ce31f4b7759,T2,0.8116017173179303,0,2,0.5
B2,formal-r05,4,e3/b/e3b-r05/B2/t/74dd7d25052a2f95,T6,e3/b/e3b-r05/B2/t/b02432f805b89568,T6,0.6652096877531454,1,3,0.3333333333333333
B2,formal-r05,5,e3/b/e3b-r05/B2/t/01ef445f5669bda6,T1,e3/b/e3b-r05/B2/t/e7d4a0061fd5aeed,T1,0.7848579278253757,1,1,1.0
B2,formal-r05,5,e3/b/e3b-r05/B2/t/2423e4aa467142ba,T4,e3/b/e3b-r05/B2/t/a0be5c130ac6825a,T4,0.559275132865669,1,2,0.5
B2,formal-r05,5,e3/b/e3b-r05/B2/t/63439ce31f4b7759,T2,e3/b/e3b-r05/B2/t/da30c38f299a109d,T3,0.7123149023435019,0,2,0.5
B2,formal-r05,5,e3/b/e3b-r05/B2/t/8fbc4d9d327931b9,T3,e3/b/e3b-r05/B2/t/e12184dc4f83e938,T2,0.8074665007395997,0,2,0.5
B2,formal-r05,5,e3/b/e3b-r05/B2/t/96080a672965d3fa,T5,e3/b/e3b-r05/B2/t/b0c657dd44279595,T5,0.6198055814061099,1,3,0.3333333333333333
B2,formal-r05,5,e3/b/e3b-r05/B2/t/b02432f805b89568,T6,e3/b/e3b-r05/B2/t/434558ec0caf1182,T6,0.642239085720899,1,2,0.5
B2,formal-r05,5,e3/b/e3b-r05/B2/t/c5b2daf2c3ea0a1e,T7,e3/b/e3b-r05/B2/t/ace05b64dafcc019,T7,0.686742440458142,1,4,0.25
B2,formal-r05,5,e3/b/e3b-r05/B2/t/e044c681afffedd9,T8,e3/b/e3b-r05/B2/t/f97c2deeec811d0a,T8,0.5074806547512891,1,5,0.2
B2,formal-r05,6,e3/b/e3b-r05/B2/t/434558ec0caf1182,T6,e3/b/e3b-r05/B2/t/e661a338365e3751,T7,0.7460088528676324,0,3,0.3333333333333333
B2,formal-r05,6,e3/b/e3b-r05/B2/t/a0be5c130ac6825a,T4,e3/b/e3b-r05/B2/t/fe2b58a098c656b8,T5,0.7522118715760704,0,6,0.16666666666666666
B2,formal-r05,6,e3/b/e3b-r05/B2/t/ace05b64dafcc019,T7,e3/b/e3b-r05/B2/t/4c36f64626c4df19,T8,0.7229682374300066,0,2,0.5
B2,formal-r05,6,e3/b/e3b-r05/B2/t/b0c657dd44279595,T5,e3/b/e3b-r05/B2/t/cd0858326320c412,T6,0.6874469529205038,0,4,0.25
B2,formal-r05,6,e3/b/e3b-r05/B2/t/da30c38f299a109d,T3,e3/b/e3b-r05/B2/t/448503c1afe74d0a,T2,0.7456635644964178,0,4,0.25
B2,formal-r05,6,e3/b/e3b-r05/B2/t/e12184dc4f83e938,T2,e3/b/e3b-r05/B2/t/65c45f1daaf2f645,T4,0.8093356779032118,0,2,0.5
B2,formal-r05,6,e3/b/e3b-r05/B2/t/e7d4a0061fd5aeed,T1,e3/b/e3b-r05/B2/t/bb1c590d2d98af65,T1,0.7496797506680513,1,1,1.0
B2,formal-r05,6,e3/b/e3b-r05/B2/t/f97c2deeec811d0a,T8,e3/b/e3b-r05/B2/t/b71b290658891f1a,T3,0.03696138495257702,0,1,1.0
B2,formal-r05,7,e3/b/e3b-r05/B2/t/448503c1afe74d0a,T2,e3/b/e3b-r05/B2/t/53457e283d0481a5,T2,0.7118711795112836,1,2,0.5
B2,formal-r05,7,e3/b/e3b-r05/B2/t/4c36f64626c4df19,T8,e3/b/e3b-r05/B2/t/cfa6dabd940b2d21,T7,0.5026332425520814,0,4,0.25
B2,formal-r05,7,e3/b/e3b-r05/B2/t/65c45f1daaf2f645,T4,e3/b/e3b-r05/B2/t/b41bdbaf5dc18dd0,T3,0.7622245367062623,0,5,0.2
B2,formal-r05,7,e3/b/e3b-r05/B2/t/b71b290658891f1a,T3,e3/b/e3b-r05/B2/t/43277480b5ea4f36,T5,0.6193823864007116,0,1,1.0
B2,formal-r05,7,e3/b/e3b-r05/B2/t/bb1c590d2d98af65,T1,e3/b/e3b-r05/B2/t/47d9f7508d1cf712,T1,0.824716951140607,1,1,1.0
B2,formal-r05,7,e3/b/e3b-r05/B2/t/cd0858326320c412,T6,e3/b/e3b-r05/B2/t/66fa663b41ced85f,T4,0.7676233539240531,0,2,0.5
B2,formal-r05,7,e3/b/e3b-r05/B2/t/e661a338365e3751,T7,e3/b/e3b-r05/B2/t/b483be9a7248e095,T8,0.537770459559403,0,5,0.2
B2,formal-r05,7,e3/b/e3b-r05/B2/t/fe2b58a098c656b8,T5,e3/b/e3b-r05/B2/t/758be68c4cdd02bb,T6,0.8189356402612763,0,3,0.3333333333333333
B2,formal-r05,8,e3/b/e3b-r05/B2/t/43277480b5ea4f36,T5,e3/b/e3b-r05/B2/t/de8a4bdf2c1c8b6a,T6,0.8139091237915707,0,4,0.25
B2,formal-r05,8,e3/b/e3b-r05/B2/t/47d9f7508d1cf712,T1,e3/b/e3b-r05/B2/t/bab4cdc9f001ea77,T2,0.5846019632239821,0,3,0.3333333333333333
B2,formal-r05,8,e3/b/e3b-r05/B2/t/53457e283d0481a5,T2,e3/b/e3b-r05/B2/t/da9197c0960249e4,T3,0.7915087873361283,0,4,0.25
B2,formal-r05,8,e3/b/e3b-r05/B2/t/66fa663b41ced85f,T4,e3/b/e3b-r05/B2/t/47b96530e0a5dd91,T4,0.5931596708737833,1,2,0.5
B2,formal-r05,8,e3/b/e3b-r05/B2/t/758be68c4cdd02bb,T6,e3/b/e3b-r05/B2/t/1494adb69fc02cad,T5,0.7160075713990638,0,2,0.5
B2,formal-r05,8,e3/b/e3b-r05/B2/t/b41bdbaf5dc18dd0,T3,e3/b/e3b-r05/B2/t/8e31024813c4188a,T1,0.6404150684233553,0,4,0.25
B2,formal-r05,8,e3/b/e3b-r05/B2/t/b483be9a7248e095,T8,e3/b/e3b-r05/B2/t/b622620530fc88c8,T8,0.541511317548008,1,1,1.0
B2,formal-r05,8,e3/b/e3b-r05/B2/t/cfa6dabd940b2d21,T7,e3/b/e3b-r05/B2/t/51a6550db3f4a326,T7,0.6947910152184558,1,2,0.5
B2,formal-r05,9,e3/b/e3b-r05/B2/t/1494adb69fc02cad,T5,e3/b/e3b-r05/B2/t/621a0dc700ee1e37,T4,0.7881454479614043,0,2,0.5
B2,formal-r05,9,e3/b/e3b-r05/B2/t/47b96530e0a5dd91,T4,e3/b/e3b-r05/B2/t/cf79531ff45c5342,T5,0.7626351904045294,0,1,1.0
B2,formal-r05,9,e3/b/e3b-r05/B2/t/51a6550db3f4a326,T7,e3/b/e3b-r05/B2/t/5dc787299e6deb5d,T6,0.4475302611148164,0,3,0.3333333333333333
B2,formal-r05,9,e3/b/e3b-r05/B2/t/8e31024813c4188a,T1,e3/b/e3b-r05/B2/t/dbff6c6eb6c03f67,T2,0.8060501248813594,0,2,0.5
B2,formal-r05,9,e3/b/e3b-r05/B2/t/b622620530fc88c8,T8,e3/b/e3b-r05/B2/t/097b66fcdff5a616,T8,0.7083730464167699,1,1,1.0
B2,formal-r05,9,e3/b/e3b-r05/B2/t/bab4cdc9f001ea77,T2,e3/b/e3b-r05/B2/t/2037bff82501d551,T3,0.7801686892999659,0,1,1.0
B2,formal-r05,9,e3/b/e3b-r05/B2/t/da9197c0960249e4,T3,e3/b/e3b-r05/B2/t/7b5cc8186772b5e7,T1,0.7891375809464315,0,2,0.5
B2,formal-r05,9,e3/b/e3b-r05/B2/t/de8a4bdf2c1c8b6a,T6,e3/b/e3b-r05/B2/t/c70aa3041f19f319,T7,0.712764995642555,0,2,0.5
B2,formal-r05,10,e3/b/e3b-r05/B2/t/097b66fcdff5a616,T8,e3/b/e3b-r05/B2/t/aaf346766ab6a375,T8,0.519073303385474,1,1,1.0
B2,formal-r05,10,e3/b/e3b-r05/B2/t/2037bff82501d551,T3,e3/b/e3b-r05/B2/t/f46d0c54af88689b,T1,0.8301918498672108,0,3,0.3333333333333333
B2,formal-r05,10,e3/b/e3b-r05/B2/t/5dc787299e6deb5d,T6,e3/b/e3b-r05/B2/t/5adec54984b3cbfe,T5,0.7554394084515895,0,3,0.3333333333333333
B2,formal-r05,10,e3/b/e3b-r05/B2/t/621a0dc700ee1e37,T4,e3/b/e3b-r05/B2/t/c8d20bb24b652d3b,T6,0.618812017110117,0,1,1.0
B2,formal-r05,10,e3/b/e3b-r05/B2/t/7b5cc8186772b5e7,T1,e3/b/e3b-r05/B2/t/7f86e4d0e0d649b7,T3,0.7918187528007845,0,4,0.25
B2,formal-r05,10,e3/b/e3b-r05/B2/t/c70aa3041f19f319,T7,e3/b/e3b-r05/B2/t/de8e83f87feea62c,T7,0.6329547783537548,1,2,0.5
B2,formal-r05,10,e3/b/e3b-r05/B2/t/cf79531ff45c5342,T5,e3/b/e3b-r05/B2/t/5b205583566616c8,T4,0.8270099112932309,0,3,0.3333333333333333
B2,formal-r05,10,e3/b/e3b-r05/B2/t/dbff6c6eb6c03f67,T2,e3/b/e3b-r05/B2/t/c942c0492e2d3fc0,T2,0.67482952140767,1,2,0.5
B2,formal-r05,11,e3/b/e3b-r05/B2/t/5adec54984b3cbfe,T5,e3/b/e3b-r05/B2/t/6edbf2fcbe0a7697,T5,0.7160777104285272,1,2,0.5
B2,formal-r05,11,e3/b/e3b-r05/B2/t/5b205583566616c8,T4,e3/b/e3b-r05/B2/t/b79617bc47cf804c,T4,0.6592779431434611,1,3,0.3333333333333333
B2,formal-r05,11,e3/b/e3b-r05/B2/t/7f86e4d0e0d649b7,T3,e3/b/e3b-r05/B2/t/464abb2066f83d14,T3,0.7850808724677846,1,1,1.0
B2,formal-r05,11,e3/b/e3b-r05/B2/t/aaf346766ab6a375,T8,e3/b/e3b-r05/B2/t/d58801e98b204e3c,T8,0.775024733951401,1,2,0.5
B2,formal-r05,11,e3/b/e3b-r05/B2/t/c8d20bb24b652d3b,T6,e3/b/e3b-r05/B2/t/510e994dc5793b19,T6,0.7467080659646451,1,3,0.3333333333333333
B2,formal-r05,11,e3/b/e3b-r05/B2/t/c942c0492e2d3fc0,T2,e3/b/e3b-r05/B2/t/b73161f7032334da,T2,0.7177642164380659,1,2,0.5
B2,formal-r05,11,e3/b/e3b-r05/B2/t/de8e83f87feea62c,T7,e3/b/e3b-r05/B2/t/84391a9d47ebfcb0,T7,0.650343090726948,1,4,0.25
B2,formal-r05,11,e3/b/e3b-r05/B2/t/f46d0c54af88689b,T1,e3/b/e3b-r05/B2/t/a7bbc12bd2b8753e,T1,0.7759657275527644,1,1,1.0
B3,formal-r01,1,e3/b/e3b-r01/B3/t/202c56e4219089e9,T4,e3/b/e3b-r01/B3/t/9227f397f7cb2551,T4,0.9975925277480193,1,1,1.0
B3,formal-r01,1,e3/b/e3b-r01/B3/t/605bb329bb012708,T1,e3/b/e3b-r01/B3/t/df4e98b8159beecb,T1,0.020492000810964132,1,3,0.3333333333333333
B3,formal-r01,1,e3/b/e3b-r01/B3/t/7cfd61be72e35500,T7,e3/b/e3b-r01/B3/t/e1d74f3f1b76e0a9,T7,0.9980489526274786,1,1,1.0
B3,formal-r01,1,e3/b/e3b-r01/B3/t/ae64435abe8e3c16,T5,e3/b/e3b-r01/B3/t/32bdbae46cc3dac9,T5,0.992646526084455,1,1,1.0
B3,formal-r01,1,e3/b/e3b-r01/B3/t/ba5f8a1d95843797,T8,e3/b/e3b-r01/B3/t/fddb2ddc6235edf8,T8,0.9974373035939855,1,1,1.0
B3,formal-r01,1,e3/b/e3b-r01/B3/t/cc79c06b727106b8,T2,e3/b/e3b-r01/B3/t/517c8a1cce2bd7bf,T2,0.9952378755140477,1,1,1.0
B3,formal-r01,1,e3/b/e3b-r01/B3/t/dd8a540198a261ac,T3,e3/b/e3b-r01/B3/t/5bfc67769857956f,T3,0.9953069377672367,1,1,1.0
B3,formal-r01,1,e3/b/e3b-r01/B3/t/f927884893f8a997,T6,e3/b/e3b-r01/B3/t/a8285a017ec90c71,T6,0.9954266004916679,1,1,1.0
B3,formal-r01,2,e3/b/e3b-r01/B3/t/32bdbae46cc3dac9,T5,e3/b/e3b-r01/B3/t/5a8f5762be5989bb,T5,0.982273949677838,1,1,1.0
B3,formal-r01,2,e3/b/e3b-r01/B3/t/517c8a1cce2bd7bf,T2,e3/b/e3b-r01/B3/t/a78e8e0a30b716ed,T2,0.9929754903810687,1,1,1.0
B3,formal-r01,2,e3/b/e3b-r01/B3/t/5bfc67769857956f,T3,e3/b/e3b-r01/B3/t/f774699413d07345,T3,0.9974815210790481,1,1,1.0
B3,formal-r01,2,e3/b/e3b-r01/B3/t/9227f397f7cb2551,T4,e3/b/e3b-r01/B3/t/3f304c61f7394b83,T4,0.9870368843094263,1,1,1.0
B3,formal-r01,2,e3/b/e3b-r01/B3/t/a8285a017ec90c71,T6,e3/b/e3b-r01/B3/t/153c2cd095ac3d7d,T6,0.9925452127329689,1,1,1.0
B3,formal-r01,2,e3/b/e3b-r01/B3/t/df4e98b8159beecb,T1,e3/b/e3b-r01/B3/t/757451f7fcca8f6a,T1,0.9975026511278146,1,1,1.0
B3,formal-r01,2,e3/b/e3b-r01/B3/t/e1d74f3f1b76e0a9,T7,e3/b/e3b-r01/B3/t/f91516d68c74f265,T7,0.994842335323815,1,1,1.0
B3,formal-r01,2,e3/b/e3b-r01/B3/t/fddb2ddc6235edf8,T8,e3/b/e3b-r01/B3/t/82c26d58e2f268fc,T8,0.9869661019263871,1,1,1.0
B3,formal-r01,3,e3/b/e3b-r01/B3/t/153c2cd095ac3d7d,T6,e3/b/e3b-r01/B3/t/74dd7d25052a2f95,T6,0.9922209396284288,1,1,1.0
B3,formal-r01,3,e3/b/e3b-r01/B3/t/3f304c61f7394b83,T4,e3/b/e3b-r01/B3/t/4e20e53d9a309386,T4,0.9907757841925917,1,1,1.0
B3,formal-r01,3,e3/b/e3b-r01/B3/t/5a8f5762be5989bb,T5,e3/b/e3b-r01/B3/t/128eee962e30ee12,T5,0.9754452510858476,1,1,1.0
B3,formal-r01,3,e3/b/e3b-r01/B3/t/757451f7fcca8f6a,T1,e3/b/e3b-r01/B3/t/3072fcfe96abd8e9,T1,0.9893228846478516,1,1,1.0
B3,formal-r01,3,e3/b/e3b-r01/B3/t/82c26d58e2f268fc,T8,e3/b/e3b-r01/B3/t/1a0c4a3908b226f7,T8,0.9904636519459865,1,1,1.0
B3,formal-r01,3,e3/b/e3b-r01/B3/t/a78e8e0a30b716ed,T2,e3/b/e3b-r01/B3/t/4133f42c93bb42cf,T2,0.9822117296812204,1,1,1.0
B3,formal-r01,3,e3/b/e3b-r01/B3/t/f774699413d07345,T3,e3/b/e3b-r01/B3/t/732bcf16995a112b,T3,0.9970320701227191,1,1,1.0
B3,formal-r01,3,e3/b/e3b-r01/B3/t/f91516d68c74f265,T7,e3/b/e3b-r01/B3/t/324c5e4459ddd3ca,T7,0.9971296749553565,1,1,1.0
B3,formal-r01,4,e3/b/e3b-r01/B3/t/128eee962e30ee12,T5,e3/b/e3b-r01/B3/t/96080a672965d3fa,T5,0.9974938348066681,1,1,1.0
B3,formal-r01,4,e3/b/e3b-r01/B3/t/1a0c4a3908b226f7,T8,e3/b/e3b-r01/B3/t/e044c681afffedd9,T8,0.9178428767971306,1,1,1.0
B3,formal-r01,4,e3/b/e3b-r01/B3/t/3072fcfe96abd8e9,T1,e3/b/e3b-r01/B3/t/01ef445f5669bda6,T1,0.015553393428630453,1,1,1.0
B3,formal-r01,4,e3/b/e3b-r01/B3/t/324c5e4459ddd3ca,T7,e3/b/e3b-r01/B3/t/c5b2daf2c3ea0a1e,T7,0.9971157766336233,1,1,1.0
B3,formal-r01,4,e3/b/e3b-r01/B3/t/4133f42c93bb42cf,T2,e3/b/e3b-r01/B3/t/63439ce31f4b7759,T2,0.9918026002779015,1,1,1.0
B3,formal-r01,4,e3/b/e3b-r01/B3/t/4e20e53d9a309386,T4,e3/b/e3b-r01/B3/t/2423e4aa467142ba,T4,0.9944496298071979,1,1,1.0
B3,formal-r01,4,e3/b/e3b-r01/B3/t/732bcf16995a112b,T3,e3/b/e3b-r01/B3/t/8fbc4d9d327931b9,T3,0.9928133823738051,1,1,1.0
B3,formal-r01,4,e3/b/e3b-r01/B3/t/74dd7d25052a2f95,T6,e3/b/e3b-r01/B3/t/b02432f805b89568,T6,0.9893304790495366,1,1,1.0
B3,formal-r01,5,e3/b/e3b-r01/B3/t/01ef445f5669bda6,T1,e3/b/e3b-r01/B3/t/e7d4a0061fd5aeed,T1,0.9955925983826841,1,1,1.0
B3,formal-r01,5,e3/b/e3b-r01/B3/t/2423e4aa467142ba,T4,e3/b/e3b-r01/B3/t/a0be5c130ac6825a,T4,0.9915841135400174,1,1,1.0
B3,formal-r01,5,e3/b/e3b-r01/B3/t/63439ce31f4b7759,T2,e3/b/e3b-r01/B3/t/e12184dc4f83e938,T2,0.9973315374278784,1,1,1.0
B3,formal-r01,5,e3/b/e3b-r01/B3/t/8fbc4d9d327931b9,T3,e3/b/e3b-r01/B3/t/da30c38f299a109d,T3,0.9966630435303404,1,1,1.0
B3,formal-r01,5,e3/b/e3b-r01/B3/t/96080a672965d3fa,T5,e3/b/e3b-r01/B3/t/b0c657dd44279595,T5,0.9966579699255206,1,1,1.0
B3,formal-r01,5,e3/b/e3b-r01/B3/t/b02432f805b89568,T6,e3/b/e3b-r01/B3/t/434558ec0caf1182,T6,0.9801973663151918,1,1,1.0
B3,formal-r01,5,e3/b/e3b-r01/B3/t/c5b2daf2c3ea0a1e,T7,e3/b/e3b-r01/B3/t/ace05b64dafcc019,T7,0.9953025978305668,1,1,1.0
B3,formal-r01,5,e3/b/e3b-r01/B3/t/e044c681afffedd9,T8,e3/b/e3b-r01/B3/t/f97c2deeec811d0a,T8,0.9562530786573594,1,1,1.0
B3,formal-r01,6,e3/b/e3b-r01/B3/t/434558ec0caf1182,T6,e3/b/e3b-r01/B3/t/cd0858326320c412,T6,0.9944145993372322,1,1,1.0
B3,formal-r01,6,e3/b/e3b-r01/B3/t/a0be5c130ac6825a,T4,e3/b/e3b-r01/B3/t/65c45f1daaf2f645,T4,0.9965790012734915,1,1,1.0
B3,formal-r01,6,e3/b/e3b-r01/B3/t/ace05b64dafcc019,T7,e3/b/e3b-r01/B3/t/e661a338365e3751,T7,0.9957303778250179,1,1,1.0
B3,formal-r01,6,e3/b/e3b-r01/B3/t/b0c657dd44279595,T5,e3/b/e3b-r01/B3/t/fe2b58a098c656b8,T5,0.9801160248581023,1,1,1.0
B3,formal-r01,6,e3/b/e3b-r01/B3/t/da30c38f299a109d,T3,e3/b/e3b-r01/B3/t/b71b290658891f1a,T3,0.9802337620048479,1,1,1.0
B3,formal-r01,6,e3/b/e3b-r01/B3/t/e12184dc4f83e938,T2,e3/b/e3b-r01/B3/t/448503c1afe74d0a,T2,0.9921838023935091,1,1,1.0
B3,formal-r01,6,e3/b/e3b-r01/B3/t/e7d4a0061fd5aeed,T1,e3/b/e3b-r01/B3/t/bb1c590d2d98af65,T1,0.9961919960777991,1,1,1.0
B3,formal-r01,6,e3/b/e3b-r01/B3/t/f97c2deeec811d0a,T8,e3/b/e3b-r01/B3/t/4c36f64626c4df19,T8,0.9945449966263515,1,1,1.0
B3,formal-r01,7,e3/b/e3b-r01/B3/t/448503c1afe74d0a,T2,e3/b/e3b-r01/B3/t/53457e283d0481a5,T2,0.9964522852304019,1,1,1.0
B3,formal-r01,7,e3/b/e3b-r01/B3/t/4c36f64626c4df19,T8,e3/b/e3b-r01/B3/t/b483be9a7248e095,T8,0.9947459270009933,1,1,1.0
B3,formal-r01,7,e3/b/e3b-r01/B3/t/65c45f1daaf2f645,T4,e3/b/e3b-r01/B3/t/66fa663b41ced85f,T4,0.9938366287111924,1,1,1.0
B3,formal-r01,7,e3/b/e3b-r01/B3/t/b71b290658891f1a,T3,e3/b/e3b-r01/B3/t/b41bdbaf5dc18dd0,T3,0.9959609334045217,1,1,1.0
B3,formal-r01,7,e3/b/e3b-r01/B3/t/bb1c590d2d98af65,T1,e3/b/e3b-r01/B3/t/47d9f7508d1cf712,T1,0.9975598072262636,1,1,1.0
B3,formal-r01,7,e3/b/e3b-r01/B3/t/cd0858326320c412,T6,e3/b/e3b-r01/B3/t/758be68c4cdd02bb,T6,0.9978847926117106,1,1,1.0
B3,formal-r01,7,e3/b/e3b-r01/B3/t/e661a338365e3751,T7,e3/b/e3b-r01/B3/t/cfa6dabd940b2d21,T7,0.9862730918523517,1,1,1.0
B3,formal-r01,7,e3/b/e3b-r01/B3/t/fe2b58a098c656b8,T5,e3/b/e3b-r01/B3/t/43277480b5ea4f36,T5,0.9908641726879075,1,1,1.0
B3,formal-r01,8,e3/b/e3b-r01/B3/t/43277480b5ea4f36,T5,e3/b/e3b-r01/B3/t/1494adb69fc02cad,T5,0.9969744601767824,1,1,1.0
B3,formal-r01,8,e3/b/e3b-r01/B3/t/47d9f7508d1cf712,T1,e3/b/e3b-r01/B3/t/8e31024813c4188a,T1,0.9980883969602544,1,1,1.0
B3,formal-r01,8,e3/b/e3b-r01/B3/t/53457e283d0481a5,T2,e3/b/e3b-r01/B3/t/bab4cdc9f001ea77,T2,0.9816172065059527,1,1,1.0
B3,formal-r01,8,e3/b/e3b-r01/B3/t/66fa663b41ced85f,T4,e3/b/e3b-r01/B3/t/47b96530e0a5dd91,T4,0.9974035550596573,1,1,1.0
B3,formal-r01,8,e3/b/e3b-r01/B3/t/758be68c4cdd02bb,T6,e3/b/e3b-r01/B3/t/de8a4bdf2c1c8b6a,T6,0.9809438304149853,1,1,1.0
B3,formal-r01,8,e3/b/e3b-r01/B3/t/b41bdbaf5dc18dd0,T3,e3/b/e3b-r01/B3/t/da9197c0960249e4,T3,0.99207644437615,1,1,1.0
B3,formal-r01,8,e3/b/e3b-r01/B3/t/b483be9a7248e095,T8,e3/b/e3b-r01/B3/t/b622620530fc88c8,T8,0.9721988271875344,1,1,1.0
B3,formal-r01,8,e3/b/e3b-r01/B3/t/cfa6dabd940b2d21,T7,e3/b/e3b-r01/B3/t/51a6550db3f4a326,T7,0.9953243496311595,1,1,1.0
B3,formal-r01,9,e3/b/e3b-r01/B3/t/1494adb69fc02cad,T5,e3/b/e3b-r01/B3/t/cf79531ff45c5342,T5,0.9964467906115901,1,1,1.0
B3,formal-r01,9,e3/b/e3b-r01/B3/t/47b96530e0a5dd91,T4,e3/b/e3b-r01/B3/t/621a0dc700ee1e37,T4,0.9974248588470562,1,1,1.0
B3,formal-r01,9,e3/b/e3b-r01/B3/t/51a6550db3f4a326,T7,e3/b/e3b-r01/B3/t/c70aa3041f19f319,T7,0.9911219316021836,1,1,1.0
B3,formal-r01,9,e3/b/e3b-r01/B3/t/8e31024813c4188a,T1,e3/b/e3b-r01/B3/t/7b5cc8186772b5e7,T1,0.995397217193497,1,1,1.0
B3,formal-r01,9,e3/b/e3b-r01/B3/t/b622620530fc88c8,T8,e3/b/e3b-r01/B3/t/097b66fcdff5a616,T8,0.9940862562819542,1,1,1.0
B3,formal-r01,9,e3/b/e3b-r01/B3/t/bab4cdc9f001ea77,T2,e3/b/e3b-r01/B3/t/dbff6c6eb6c03f67,T2,0.9936015970917902,1,1,1.0
B3,formal-r01,9,e3/b/e3b-r01/B3/t/da9197c0960249e4,T3,e3/b/e3b-r01/B3/t/2037bff82501d551,T3,0.9767595164982691,1,1,1.0
B3,formal-r01,9,e3/b/e3b-r01/B3/t/de8a4bdf2c1c8b6a,T6,e3/b/e3b-r01/B3/t/5dc787299e6deb5d,T6,0.9900828250908442,1,1,1.0
B3,formal-r01,10,e3/b/e3b-r01/B3/t/097b66fcdff5a616,T8,e3/b/e3b-r01/B3/t/aaf346766ab6a375,T8,0.9874372406518926,1,1,1.0
B3,formal-r01,10,e3/b/e3b-r01/B3/t/2037bff82501d551,T3,e3/b/e3b-r01/B3/t/7f86e4d0e0d649b7,T3,0.9770087157791637,1,1,1.0
B3,formal-r01,10,e3/b/e3b-r01/B3/t/5dc787299e6deb5d,T6,e3/b/e3b-r01/B3/t/c8d20bb24b652d3b,T6,0.9928832824085871,1,1,1.0
B3,formal-r01,10,e3/b/e3b-r01/B3/t/621a0dc700ee1e37,T4,e3/b/e3b-r01/B3/t/5b205583566616c8,T4,0.9964497803010297,1,1,1.0
B3,formal-r01,10,e3/b/e3b-r01/B3/t/7b5cc8186772b5e7,T1,e3/b/e3b-r01/B3/t/f46d0c54af88689b,T1,0.014455321703464035,1,2,0.5
B3,formal-r01,10,e3/b/e3b-r01/B3/t/c70aa3041f19f319,T7,e3/b/e3b-r01/B3/t/de8e83f87feea62c,T7,0.9746911473091414,1,1,1.0
B3,formal-r01,10,e3/b/e3b-r01/B3/t/cf79531ff45c5342,T5,e3/b/e3b-r01/B3/t/5adec54984b3cbfe,T5,0.9867031183416667,1,1,1.0
B3,formal-r01,10,e3/b/e3b-r01/B3/t/dbff6c6eb6c03f67,T2,e3/b/e3b-r01/B3/t/c942c0492e2d3fc0,T2,0.993214300761258,1,1,1.0
B3,formal-r01,11,e3/b/e3b-r01/B3/t/5adec54984b3cbfe,T5,e3/b/e3b-r01/B3/t/6edbf2fcbe0a7697,T5,0.9967764470969969,1,1,1.0
B3,formal-r01,11,e3/b/e3b-r01/B3/t/5b205583566616c8,T4,e3/b/e3b-r01/B3/t/b79617bc47cf804c,T4,0.9954484054594663,1,1,1.0
B3,formal-r01,11,e3/b/e3b-r01/B3/t/7f86e4d0e0d649b7,T3,e3/b/e3b-r01/B3/t/464abb2066f83d14,T3,0.9978457866881462,1,1,1.0
B3,formal-r01,11,e3/b/e3b-r01/B3/t/aaf346766ab6a375,T8,e3/b/e3b-r01/B3/t/d58801e98b204e3c,T8,0.9953209628069017,1,1,1.0
B3,formal-r01,11,e3/b/e3b-r01/B3/t/c8d20bb24b652d3b,T6,e3/b/e3b-r01/B3/t/510e994dc5793b19,T6,0.9968750228379742,1,1,1.0
B3,formal-r01,11,e3/b/e3b-r01/B3/t/c942c0492e2d3fc0,T2,e3/b/e3b-r01/B3/t/b73161f7032334da,T2,0.9990240059229712,1,1,1.0
B3,formal-r01,11,e3/b/e3b-r01/B3/t/de8e83f87feea62c,T7,e3/b/e3b-r01/B3/t/84391a9d47ebfcb0,T7,0.9929421225366865,1,1,1.0
B3,formal-r01,11,e3/b/e3b-r01/B3/t/f46d0c54af88689b,T1,e3/b/e3b-r01/B3/t/a7bbc12bd2b8753e,T1,0.996164394098829,1,1,1.0
B3,formal-r02,1,e3/b/e3b-r02/B3/t/202c56e4219089e9,T4,e3/b/e3b-r02/B3/t/9227f397f7cb2551,T4,0.9865787931289488,1,1,1.0
B3,formal-r02,1,e3/b/e3b-r02/B3/t/605bb329bb012708,T1,e3/b/e3b-r02/B3/t/df4e98b8159beecb,T1,0.9956363438927184,1,1,1.0
B3,formal-r02,1,e3/b/e3b-r02/B3/t/7cfd61be72e35500,T7,e3/b/e3b-r02/B3/t/e1d74f3f1b76e0a9,T7,0.9967006548793153,1,1,1.0
B3,formal-r02,1,e3/b/e3b-r02/B3/t/ae64435abe8e3c16,T5,e3/b/e3b-r02/B3/t/32bdbae46cc3dac9,T5,0.9905405369771878,1,1,1.0
B3,formal-r02,1,e3/b/e3b-r02/B3/t/ba5f8a1d95843797,T8,e3/b/e3b-r02/B3/t/fddb2ddc6235edf8,T8,0.9733671749408438,1,1,1.0
B3,formal-r02,1,e3/b/e3b-r02/B3/t/cc79c06b727106b8,T2,e3/b/e3b-r02/B3/t/517c8a1cce2bd7bf,T2,0.9911170349695059,1,1,1.0
B3,formal-r02,1,e3/b/e3b-r02/B3/t/dd8a540198a261ac,T3,e3/b/e3b-r02/B3/t/5bfc67769857956f,T3,0.9897343582381354,1,1,1.0
B3,formal-r02,1,e3/b/e3b-r02/B3/t/f927884893f8a997,T6,e3/b/e3b-r02/B3/t/a8285a017ec90c71,T6,0.9950302163149378,1,1,1.0
B3,formal-r02,2,e3/b/e3b-r02/B3/t/32bdbae46cc3dac9,T5,e3/b/e3b-r02/B3/t/5a8f5762be5989bb,T5,0.9959169399798621,1,1,1.0
B3,formal-r02,2,e3/b/e3b-r02/B3/t/517c8a1cce2bd7bf,T2,e3/b/e3b-r02/B3/t/a78e8e0a30b716ed,T2,0.9950797735503869,1,1,1.0
B3,formal-r02,2,e3/b/e3b-r02/B3/t/5bfc67769857956f,T3,e3/b/e3b-r02/B3/t/f774699413d07345,T3,0.996913108984712,1,1,1.0
B3,formal-r02,2,e3/b/e3b-r02/B3/t/9227f397f7cb2551,T4,e3/b/e3b-r02/B3/t/3f304c61f7394b83,T4,0.9946294329932983,1,1,1.0
B3,formal-r02,2,e3/b/e3b-r02/B3/t/a8285a017ec90c71,T6,e3/b/e3b-r02/B3/t/153c2cd095ac3d7d,T6,0.9878009516447788,1,1,1.0
B3,formal-r02,2,e3/b/e3b-r02/B3/t/df4e98b8159beecb,T1,e3/b/e3b-r02/B3/t/757451f7fcca8f6a,T1,0.9995488593115285,1,1,1.0
B3,formal-r02,2,e3/b/e3b-r02/B3/t/e1d74f3f1b76e0a9,T7,e3/b/e3b-r02/B3/t/f91516d68c74f265,T7,0.993836858065985,1,1,1.0
B3,formal-r02,2,e3/b/e3b-r02/B3/t/fddb2ddc6235edf8,T8,e3/b/e3b-r02/B3/t/82c26d58e2f268fc,T8,0.9948864020447322,1,1,1.0
B3,formal-r02,3,e3/b/e3b-r02/B3/t/153c2cd095ac3d7d,T6,e3/b/e3b-r02/B3/t/74dd7d25052a2f95,T6,0.9873755744626022,1,1,1.0
B3,formal-r02,3,e3/b/e3b-r02/B3/t/3f304c61f7394b83,T4,e3/b/e3b-r02/B3/t/4e20e53d9a309386,T4,0.9910896828719005,1,1,1.0
B3,formal-r02,3,e3/b/e3b-r02/B3/t/5a8f5762be5989bb,T5,e3/b/e3b-r02/B3/t/128eee962e30ee12,T5,0.9961188271374072,1,1,1.0
B3,formal-r02,3,e3/b/e3b-r02/B3/t/757451f7fcca8f6a,T1,e3/b/e3b-r02/B3/t/3072fcfe96abd8e9,T1,0.9963190869418056,1,1,1.0
B3,formal-r02,3,e3/b/e3b-r02/B3/t/82c26d58e2f268fc,T8,e3/b/e3b-r02/B3/t/1a0c4a3908b226f7,T8,0.9912179022591057,1,1,1.0
B3,formal-r02,3,e3/b/e3b-r02/B3/t/a78e8e0a30b716ed,T2,e3/b/e3b-r02/B3/t/4133f42c93bb42cf,T2,0.01164639353477985,1,4,0.25
B3,formal-r02,3,e3/b/e3b-r02/B3/t/f774699413d07345,T3,e3/b/e3b-r02/B3/t/732bcf16995a112b,T3,0.9862558190296646,1,1,1.0
B3,formal-r02,3,e3/b/e3b-r02/B3/t/f91516d68c74f265,T7,e3/b/e3b-r02/B3/t/324c5e4459ddd3ca,T7,0.9984730825542348,1,1,1.0
B3,formal-r02,4,e3/b/e3b-r02/B3/t/128eee962e30ee12,T5,e3/b/e3b-r02/B3/t/96080a672965d3fa,T5,0.98539915102446,1,1,1.0
B3,formal-r02,4,e3/b/e3b-r02/B3/t/1a0c4a3908b226f7,T8,e3/b/e3b-r02/B3/t/e044c681afffedd9,T8,0.91922143662906,1,1,1.0
B3,formal-r02,4,e3/b/e3b-r02/B3/t/3072fcfe96abd8e9,T1,e3/b/e3b-r02/B3/t/01ef445f5669bda6,T1,0.9961109207328583,1,1,1.0
B3,formal-r02,4,e3/b/e3b-r02/B3/t/324c5e4459ddd3ca,T7,e3/b/e3b-r02/B3/t/c5b2daf2c3ea0a1e,T7,0.9973039350492099,1,1,1.0
B3,formal-r02,4,e3/b/e3b-r02/B3/t/4133f42c93bb42cf,T2,e3/b/e3b-r02/B3/t/63439ce31f4b7759,T2,0.9948175125552742,1,1,1.0
B3,formal-r02,4,e3/b/e3b-r02/B3/t/4e20e53d9a309386,T4,e3/b/e3b-r02/B3/t/2423e4aa467142ba,T4,0.9979103605310882,1,1,1.0
B3,formal-r02,4,e3/b/e3b-r02/B3/t/732bcf16995a112b,T3,e3/b/e3b-r02/B3/t/8fbc4d9d327931b9,T3,0.9977653964470564,1,1,1.0
B3,formal-r02,4,e3/b/e3b-r02/B3/t/74dd7d25052a2f95,T6,e3/b/e3b-r02/B3/t/b02432f805b89568,T6,0.9950628292793038,1,1,1.0
B3,formal-r02,5,e3/b/e3b-r02/B3/t/01ef445f5669bda6,T1,e3/b/e3b-r02/B3/t/e7d4a0061fd5aeed,T1,0.9954895831606986,1,1,1.0
B3,formal-r02,5,e3/b/e3b-r02/B3/t/2423e4aa467142ba,T4,e3/b/e3b-r02/B3/t/a0be5c130ac6825a,T4,0.9936872620057057,1,1,1.0
B3,formal-r02,5,e3/b/e3b-r02/B3/t/63439ce31f4b7759,T2,e3/b/e3b-r02/B3/t/e12184dc4f83e938,T2,0.9953856021478503,1,1,1.0
B3,formal-r02,5,e3/b/e3b-r02/B3/t/8fbc4d9d327931b9,T3,e3/b/e3b-r02/B3/t/da30c38f299a109d,T3,0.9971701629480696,1,1,1.0
B3,formal-r02,5,e3/b/e3b-r02/B3/t/96080a672965d3fa,T5,e3/b/e3b-r02/B3/t/b0c657dd44279595,T5,0.9867641017106072,1,1,1.0
B3,formal-r02,5,e3/b/e3b-r02/B3/t/b02432f805b89568,T6,e3/b/e3b-r02/B3/t/434558ec0caf1182,T6,0.9964089269739252,1,1,1.0
B3,formal-r02,5,e3/b/e3b-r02/B3/t/c5b2daf2c3ea0a1e,T7,e3/b/e3b-r02/B3/t/ace05b64dafcc019,T7,0.9967153066540791,1,1,1.0
B3,formal-r02,5,e3/b/e3b-r02/B3/t/e044c681afffedd9,T8,e3/b/e3b-r02/B3/t/f97c2deeec811d0a,T8,0.9066148033753683,1,1,1.0
B3,formal-r02,6,e3/b/e3b-r02/B3/t/434558ec0caf1182,T6,e3/b/e3b-r02/B3/t/cd0858326320c412,T6,0.9962334428375037,1,1,1.0
B3,formal-r02,6,e3/b/e3b-r02/B3/t/a0be5c130ac6825a,T4,e3/b/e3b-r02/B3/t/65c45f1daaf2f645,T4,0.9924374344219821,1,1,1.0
B3,formal-r02,6,e3/b/e3b-r02/B3/t/ace05b64dafcc019,T7,e3/b/e3b-r02/B3/t/e661a338365e3751,T7,0.986330396408123,1,1,1.0
B3,formal-r02,6,e3/b/e3b-r02/B3/t/b0c657dd44279595,T5,e3/b/e3b-r02/B3/t/fe2b58a098c656b8,T5,0.7946949537141748,1,1,1.0
B3,formal-r02,6,e3/b/e3b-r02/B3/t/da30c38f299a109d,T3,e3/b/e3b-r02/B3/t/b71b290658891f1a,T3,0.9964124492779601,1,1,1.0
B3,formal-r02,6,e3/b/e3b-r02/B3/t/e12184dc4f83e938,T2,e3/b/e3b-r02/B3/t/448503c1afe74d0a,T2,0.9965681923293188,1,1,1.0
B3,formal-r02,6,e3/b/e3b-r02/B3/t/e7d4a0061fd5aeed,T1,e3/b/e3b-r02/B3/t/bb1c590d2d98af65,T1,0.9975674706960704,1,1,1.0
B3,formal-r02,6,e3/b/e3b-r02/B3/t/f97c2deeec811d0a,T8,e3/b/e3b-r02/B3/t/4c36f64626c4df19,T8,0.9701234913161688,1,1,1.0
B3,formal-r02,7,e3/b/e3b-r02/B3/t/448503c1afe74d0a,T2,e3/b/e3b-r02/B3/t/53457e283d0481a5,T2,0.997526995929349,1,1,1.0
B3,formal-r02,7,e3/b/e3b-r02/B3/t/4c36f64626c4df19,T8,e3/b/e3b-r02/B3/t/b483be9a7248e095,T8,0.9840422703095263,1,1,1.0
B3,formal-r02,7,e3/b/e3b-r02/B3/t/65c45f1daaf2f645,T4,e3/b/e3b-r02/B3/t/66fa663b41ced85f,T4,0.9562762669981744,1,1,1.0
B3,formal-r02,7,e3/b/e3b-r02/B3/t/b71b290658891f1a,T3,e3/b/e3b-r02/B3/t/b41bdbaf5dc18dd0,T3,0.9978988910355137,1,1,1.0
B3,formal-r02,7,e3/b/e3b-r02/B3/t/bb1c590d2d98af65,T1,e3/b/e3b-r02/B3/t/47d9f7508d1cf712,T1,0.9960575670320984,1,1,1.0
B3,formal-r02,7,e3/b/e3b-r02/B3/t/cd0858326320c412,T6,e3/b/e3b-r02/B3/t/758be68c4cdd02bb,T6,0.9970926702988411,1,1,1.0
B3,formal-r02,7,e3/b/e3b-r02/B3/t/e661a338365e3751,T7,e3/b/e3b-r02/B3/t/cfa6dabd940b2d21,T7,0.9952797144976923,1,1,1.0
B3,formal-r02,7,e3/b/e3b-r02/B3/t/fe2b58a098c656b8,T5,e3/b/e3b-r02/B3/t/43277480b5ea4f36,T5,0.9586049481509835,1,1,1.0
B3,formal-r02,8,e3/b/e3b-r02/B3/t/43277480b5ea4f36,T5,e3/b/e3b-r02/B3/t/1494adb69fc02cad,T5,0.992855329336906,1,1,1.0
B3,formal-r02,8,e3/b/e3b-r02/B3/t/47d9f7508d1cf712,T1,e3/b/e3b-r02/B3/t/8e31024813c4188a,T1,0.997406613594732,1,1,1.0
B3,formal-r02,8,e3/b/e3b-r02/B3/t/53457e283d0481a5,T2,e3/b/e3b-r02/B3/t/bab4cdc9f001ea77,T2,0.9942445906339418,1,1,1.0
B3,formal-r02,8,e3/b/e3b-r02/B3/t/66fa663b41ced85f,T4,e3/b/e3b-r02/B3/t/47b96530e0a5dd91,T4,0.9951260549218338,1,1,1.0
B3,formal-r02,8,e3/b/e3b-r02/B3/t/758be68c4cdd02bb,T6,e3/b/e3b-r02/B3/t/de8a4bdf2c1c8b6a,T6,0.9946683124303033,1,1,1.0
B3,formal-r02,8,e3/b/e3b-r02/B3/t/b41bdbaf5dc18dd0,T3,e3/b/e3b-r02/B3/t/da9197c0960249e4,T3,0.9978688287384728,1,1,1.0
B3,formal-r02,8,e3/b/e3b-r02/B3/t/b483be9a7248e095,T8,e3/b/e3b-r02/B3/t/b622620530fc88c8,T8,0.8469364375172294,1,1,1.0
B3,formal-r02,8,e3/b/e3b-r02/B3/t/cfa6dabd940b2d21,T7,e3/b/e3b-r02/B3/t/51a6550db3f4a326,T7,0.992616518800777,1,1,1.0
B3,formal-r02,9,e3/b/e3b-r02/B3/t/1494adb69fc02cad,T5,e3/b/e3b-r02/B3/t/cf79531ff45c5342,T5,0.9907101932511582,1,1,1.0
B3,formal-r02,9,e3/b/e3b-r02/B3/t/47b96530e0a5dd91,T4,e3/b/e3b-r02/B3/t/621a0dc700ee1e37,T4,0.9966733688812305,1,1,1.0
B3,formal-r02,9,e3/b/e3b-r02/B3/t/51a6550db3f4a326,T7,e3/b/e3b-r02/B3/t/c70aa3041f19f319,T7,0.9958307888347284,1,1,1.0
B3,formal-r02,9,e3/b/e3b-r02/B3/t/8e31024813c4188a,T1,e3/b/e3b-r02/B3/t/7b5cc8186772b5e7,T1,0.9982701933973944,1,1,1.0
B3,formal-r02,9,e3/b/e3b-r02/B3/t/b622620530fc88c8,T8,e3/b/e3b-r02/B3/t/097b66fcdff5a616,T8,0.9857385524678689,1,1,1.0
B3,formal-r02,9,e3/b/e3b-r02/B3/t/bab4cdc9f001ea77,T2,e3/b/e3b-r02/B3/t/dbff6c6eb6c03f67,T2,0.9985184456840848,1,1,1.0
B3,formal-r02,9,e3/b/e3b-r02/B3/t/da9197c0960249e4,T3,e3/b/e3b-r02/B3/t/2037bff82501d551,T3,0.9978703428187656,1,1,1.0
B3,formal-r02,9,e3/b/e3b-r02/B3/t/de8a4bdf2c1c8b6a,T6,e3/b/e3b-r02/B3/t/5dc787299e6deb5d,T6,0.9971009466640957,1,1,1.0
B3,formal-r02,10,e3/b/e3b-r02/B3/t/097b66fcdff5a616,T8,e3/b/e3b-r02/B3/t/aaf346766ab6a375,T8,0.9978480289823729,1,1,1.0
B3,formal-r02,10,e3/b/e3b-r02/B3/t/2037bff82501d551,T3,e3/b/e3b-r02/B3/t/7f86e4d0e0d649b7,T3,0.9964639405881751,1,1,1.0
B3,formal-r02,10,e3/b/e3b-r02/B3/t/5dc787299e6deb5d,T6,e3/b/e3b-r02/B3/t/c8d20bb24b652d3b,T6,0.9834393588827703,1,1,1.0
B3,formal-r02,10,e3/b/e3b-r02/B3/t/621a0dc700ee1e37,T4,e3/b/e3b-r02/B3/t/5b205583566616c8,T4,0.9942189455829874,1,1,1.0
B3,formal-r02,10,e3/b/e3b-r02/B3/t/7b5cc8186772b5e7,T1,e3/b/e3b-r02/B3/t/f46d0c54af88689b,T1,0.997299537534148,1,1,1.0
B3,formal-r02,10,e3/b/e3b-r02/B3/t/c70aa3041f19f319,T7,e3/b/e3b-r02/B3/t/de8e83f87feea62c,T7,0.9225890517955696,1,1,1.0
B3,formal-r02,10,e3/b/e3b-r02/B3/t/cf79531ff45c5342,T5,e3/b/e3b-r02/B3/t/5adec54984b3cbfe,T5,0.9623594118639175,1,1,1.0
B3,formal-r02,10,e3/b/e3b-r02/B3/t/dbff6c6eb6c03f67,T2,e3/b/e3b-r02/B3/t/c942c0492e2d3fc0,T2,0.9932604651584133,1,1,1.0
B3,formal-r02,11,e3/b/e3b-r02/B3/t/5adec54984b3cbfe,T5,e3/b/e3b-r02/B3/t/6edbf2fcbe0a7697,T5,0.997303427991302,1,1,1.0
B3,formal-r02,11,e3/b/e3b-r02/B3/t/5b205583566616c8,T4,e3/b/e3b-r02/B3/t/b79617bc47cf804c,T4,0.9954765434945684,1,1,1.0
B3,formal-r02,11,e3/b/e3b-r02/B3/t/7f86e4d0e0d649b7,T3,e3/b/e3b-r02/B3/t/464abb2066f83d14,T3,0.9944583593472481,1,1,1.0
B3,formal-r02,11,e3/b/e3b-r02/B3/t/aaf346766ab6a375,T8,e3/b/e3b-r02/B3/t/d58801e98b204e3c,T8,0.9856313256655552,1,1,1.0
B3,formal-r02,11,e3/b/e3b-r02/B3/t/c8d20bb24b652d3b,T6,e3/b/e3b-r02/B3/t/510e994dc5793b19,T6,0.990864624380639,1,1,1.0
B3,formal-r02,11,e3/b/e3b-r02/B3/t/c942c0492e2d3fc0,T2,e3/b/e3b-r02/B3/t/b73161f7032334da,T2,0.997842860641672,1,1,1.0
B3,formal-r02,11,e3/b/e3b-r02/B3/t/de8e83f87feea62c,T7,e3/b/e3b-r02/B3/t/84391a9d47ebfcb0,T7,0.9903848466120762,1,1,1.0
B3,formal-r02,11,e3/b/e3b-r02/B3/t/f46d0c54af88689b,T1,e3/b/e3b-r02/B3/t/a7bbc12bd2b8753e,T1,0.995830416277069,1,1,1.0
B3,formal-r03,1,e3/b/e3b-r03/B3/t/202c56e4219089e9,T4,e3/b/e3b-r03/B3/t/9227f397f7cb2551,T4,0.9968157438186708,1,1,1.0
B3,formal-r03,1,e3/b/e3b-r03/B3/t/605bb329bb012708,T1,e3/b/e3b-r03/B3/t/df4e98b8159beecb,T1,0.9959475686131761,1,1,1.0
B3,formal-r03,1,e3/b/e3b-r03/B3/t/7cfd61be72e35500,T7,e3/b/e3b-r03/B3/t/e1d74f3f1b76e0a9,T7,0.9933624334385288,1,1,1.0
B3,formal-r03,1,e3/b/e3b-r03/B3/t/ae64435abe8e3c16,T5,e3/b/e3b-r03/B3/t/32bdbae46cc3dac9,T5,0.9963090394719957,1,1,1.0
B3,formal-r03,1,e3/b/e3b-r03/B3/t/ba5f8a1d95843797,T8,e3/b/e3b-r03/B3/t/fddb2ddc6235edf8,T8,0.9518325002165455,1,1,1.0
B3,formal-r03,1,e3/b/e3b-r03/B3/t/cc79c06b727106b8,T2,e3/b/e3b-r03/B3/t/517c8a1cce2bd7bf,T2,0.9972093839835804,1,1,1.0
B3,formal-r03,1,e3/b/e3b-r03/B3/t/dd8a540198a261ac,T3,e3/b/e3b-r03/B3/t/5bfc67769857956f,T3,0.9963119109574119,1,1,1.0
B3,formal-r03,1,e3/b/e3b-r03/B3/t/f927884893f8a997,T6,e3/b/e3b-r03/B3/t/a8285a017ec90c71,T6,0.9965855944872533,1,1,1.0
B3,formal-r03,2,e3/b/e3b-r03/B3/t/32bdbae46cc3dac9,T5,e3/b/e3b-r03/B3/t/5a8f5762be5989bb,T5,0.9973248856246852,1,1,1.0
B3,formal-r03,2,e3/b/e3b-r03/B3/t/517c8a1cce2bd7bf,T2,e3/b/e3b-r03/B3/t/a78e8e0a30b716ed,T2,0.9942076340065104,1,1,1.0
B3,formal-r03,2,e3/b/e3b-r03/B3/t/5bfc67769857956f,T3,e3/b/e3b-r03/B3/t/f774699413d07345,T3,0.9959364650713255,1,1,1.0
B3,formal-r03,2,e3/b/e3b-r03/B3/t/9227f397f7cb2551,T4,e3/b/e3b-r03/B3/t/3f304c61f7394b83,T4,0.996544368779128,1,1,1.0
B3,formal-r03,2,e3/b/e3b-r03/B3/t/a8285a017ec90c71,T6,e3/b/e3b-r03/B3/t/153c2cd095ac3d7d,T6,0.9973930144338581,1,1,1.0
B3,formal-r03,2,e3/b/e3b-r03/B3/t/df4e98b8159beecb,T1,e3/b/e3b-r03/B3/t/757451f7fcca8f6a,T1,0.9932717832214505,1,1,1.0
B3,formal-r03,2,e3/b/e3b-r03/B3/t/e1d74f3f1b76e0a9,T7,e3/b/e3b-r03/B3/t/f91516d68c74f265,T7,0.9934507045461825,1,1,1.0
B3,formal-r03,2,e3/b/e3b-r03/B3/t/fddb2ddc6235edf8,T8,e3/b/e3b-r03/B3/t/82c26d58e2f268fc,T8,0.9735311135404515,1,1,1.0
B3,formal-r03,3,e3/b/e3b-r03/B3/t/153c2cd095ac3d7d,T6,e3/b/e3b-r03/B3/t/74dd7d25052a2f95,T6,0.9950872392887804,1,1,1.0
B3,formal-r03,3,e3/b/e3b-r03/B3/t/3f304c61f7394b83,T4,e3/b/e3b-r03/B3/t/4e20e53d9a309386,T4,0.9962597267381993,1,1,1.0
B3,formal-r03,3,e3/b/e3b-r03/B3/t/5a8f5762be5989bb,T5,e3/b/e3b-r03/B3/t/128eee962e30ee12,T5,0.9941537648337249,1,1,1.0
B3,formal-r03,3,e3/b/e3b-r03/B3/t/757451f7fcca8f6a,T1,e3/b/e3b-r03/B3/t/3072fcfe96abd8e9,T1,0.9975324097631465,1,1,1.0
B3,formal-r03,3,e3/b/e3b-r03/B3/t/82c26d58e2f268fc,T8,e3/b/e3b-r03/B3/t/1a0c4a3908b226f7,T8,0.9915837963150645,1,1,1.0
B3,formal-r03,3,e3/b/e3b-r03/B3/t/a78e8e0a30b716ed,T2,e3/b/e3b-r03/B3/t/4133f42c93bb42cf,T2,0.9970963941527902,1,1,1.0
B3,formal-r03,3,e3/b/e3b-r03/B3/t/f774699413d07345,T3,e3/b/e3b-r03/B3/t/732bcf16995a112b,T3,0.9958103168587306,1,1,1.0
B3,formal-r03,3,e3/b/e3b-r03/B3/t/f91516d68c74f265,T7,e3/b/e3b-r03/B3/t/324c5e4459ddd3ca,T7,0.9951591618290143,1,1,1.0
B3,formal-r03,4,e3/b/e3b-r03/B3/t/128eee962e30ee12,T5,e3/b/e3b-r03/B3/t/96080a672965d3fa,T5,0.9936893965576229,1,1,1.0
B3,formal-r03,4,e3/b/e3b-r03/B3/t/1a0c4a3908b226f7,T8,e3/b/e3b-r03/B3/t/e044c681afffedd9,T8,0.9956766960156568,1,1,1.0
B3,formal-r03,4,e3/b/e3b-r03/B3/t/3072fcfe96abd8e9,T1,e3/b/e3b-r03/B3/t/01ef445f5669bda6,T1,0.9951833516150621,1,1,1.0
B3,formal-r03,4,e3/b/e3b-r03/B3/t/324c5e4459ddd3ca,T7,e3/b/e3b-r03/B3/t/c5b2daf2c3ea0a1e,T7,0.975574057612289,1,1,1.0
B3,formal-r03,4,e3/b/e3b-r03/B3/t/4133f42c93bb42cf,T2,e3/b/e3b-r03/B3/t/63439ce31f4b7759,T2,0.9963670575818194,1,1,1.0
B3,formal-r03,4,e3/b/e3b-r03/B3/t/4e20e53d9a309386,T4,e3/b/e3b-r03/B3/t/2423e4aa467142ba,T4,0.99378497438756,1,1,1.0
B3,formal-r03,4,e3/b/e3b-r03/B3/t/732bcf16995a112b,T3,e3/b/e3b-r03/B3/t/8fbc4d9d327931b9,T3,0.9959522032468336,1,1,1.0
B3,formal-r03,4,e3/b/e3b-r03/B3/t/74dd7d25052a2f95,T6,e3/b/e3b-r03/B3/t/b02432f805b89568,T6,0.9970641124847558,1,1,1.0
B3,formal-r03,5,e3/b/e3b-r03/B3/t/01ef445f5669bda6,T1,e3/b/e3b-r03/B3/t/e7d4a0061fd5aeed,T1,0.9935948123098796,1,1,1.0
B3,formal-r03,5,e3/b/e3b-r03/B3/t/2423e4aa467142ba,T4,e3/b/e3b-r03/B3/t/a0be5c130ac6825a,T4,0.9830175911936652,1,1,1.0
B3,formal-r03,5,e3/b/e3b-r03/B3/t/63439ce31f4b7759,T2,e3/b/e3b-r03/B3/t/e12184dc4f83e938,T2,0.024502133568468823,1,1,1.0
B3,formal-r03,5,e3/b/e3b-r03/B3/t/8fbc4d9d327931b9,T3,e3/b/e3b-r03/B3/t/da30c38f299a109d,T3,0.9929567620440477,1,1,1.0
B3,formal-r03,5,e3/b/e3b-r03/B3/t/96080a672965d3fa,T5,e3/b/e3b-r03/B3/t/b0c657dd44279595,T5,0.9956907327207968,1,1,1.0
B3,formal-r03,5,e3/b/e3b-r03/B3/t/b02432f805b89568,T6,e3/b/e3b-r03/B3/t/434558ec0caf1182,T6,0.9968362582753604,1,1,1.0
B3,formal-r03,5,e3/b/e3b-r03/B3/t/c5b2daf2c3ea0a1e,T7,e3/b/e3b-r03/B3/t/ace05b64dafcc019,T7,0.9896643490882799,1,1,1.0
B3,formal-r03,5,e3/b/e3b-r03/B3/t/e044c681afffedd9,T8,e3/b/e3b-r03/B3/t/f97c2deeec811d0a,T8,0.9933334611555795,1,1,1.0
B3,formal-r03,6,e3/b/e3b-r03/B3/t/434558ec0caf1182,T6,e3/b/e3b-r03/B3/t/cd0858326320c412,T6,0.9910503924814968,1,1,1.0
B3,formal-r03,6,e3/b/e3b-r03/B3/t/a0be5c130ac6825a,T4,e3/b/e3b-r03/B3/t/65c45f1daaf2f645,T4,0.9658767532120217,1,1,1.0
B3,formal-r03,6,e3/b/e3b-r03/B3/t/ace05b64dafcc019,T7,e3/b/e3b-r03/B3/t/e661a338365e3751,T7,0.9963588500973584,1,1,1.0
B3,formal-r03,6,e3/b/e3b-r03/B3/t/b0c657dd44279595,T5,e3/b/e3b-r03/B3/t/fe2b58a098c656b8,T5,0.9968915996781276,1,1,1.0
B3,formal-r03,6,e3/b/e3b-r03/B3/t/da30c38f299a109d,T3,e3/b/e3b-r03/B3/t/b71b290658891f1a,T3,0.9936183140556678,1,1,1.0
B3,formal-r03,6,e3/b/e3b-r03/B3/t/e12184dc4f83e938,T2,e3/b/e3b-r03/B3/t/448503c1afe74d0a,T2,0.9947007007461458,1,1,1.0
B3,formal-r03,6,e3/b/e3b-r03/B3/t/e7d4a0061fd5aeed,T1,e3/b/e3b-r03/B3/t/bb1c590d2d98af65,T1,0.9944204524305321,1,1,1.0
B3,formal-r03,6,e3/b/e3b-r03/B3/t/f97c2deeec811d0a,T8,e3/b/e3b-r03/B3/t/4c36f64626c4df19,T8,0.988221482668813,1,1,1.0
B3,formal-r03,7,e3/b/e3b-r03/B3/t/448503c1afe74d0a,T2,e3/b/e3b-r03/B3/t/53457e283d0481a5,T2,0.9937715543514336,1,1,1.0
B3,formal-r03,7,e3/b/e3b-r03/B3/t/4c36f64626c4df19,T8,e3/b/e3b-r03/B3/t/b483be9a7248e095,T8,0.9958160390799783,1,1,1.0
B3,formal-r03,7,e3/b/e3b-r03/B3/t/65c45f1daaf2f645,T4,e3/b/e3b-r03/B3/t/66fa663b41ced85f,T4,0.9975255872563875,1,1,1.0
B3,formal-r03,7,e3/b/e3b-r03/B3/t/b71b290658891f1a,T3,e3/b/e3b-r03/B3/t/b41bdbaf5dc18dd0,T3,0.9961686733935042,1,1,1.0
B3,formal-r03,7,e3/b/e3b-r03/B3/t/bb1c590d2d98af65,T1,e3/b/e3b-r03/B3/t/47d9f7508d1cf712,T1,0.9911727250401774,1,1,1.0
B3,formal-r03,7,e3/b/e3b-r03/B3/t/cd0858326320c412,T6,e3/b/e3b-r03/B3/t/758be68c4cdd02bb,T6,0.9904745392206346,1,1,1.0
B3,formal-r03,7,e3/b/e3b-r03/B3/t/e661a338365e3751,T7,e3/b/e3b-r03/B3/t/cfa6dabd940b2d21,T7,0.9727440148882734,1,1,1.0
B3,formal-r03,7,e3/b/e3b-r03/B3/t/fe2b58a098c656b8,T5,e3/b/e3b-r03/B3/t/43277480b5ea4f36,T5,0.9870893099733936,1,1,1.0
B3,formal-r03,8,e3/b/e3b-r03/B3/t/43277480b5ea4f36,T5,e3/b/e3b-r03/B3/t/1494adb69fc02cad,T5,0.9951078004358804,1,1,1.0
B3,formal-r03,8,e3/b/e3b-r03/B3/t/47d9f7508d1cf712,T1,e3/b/e3b-r03/B3/t/8e31024813c4188a,T1,0.007681429212401589,1,2,0.5
B3,formal-r03,8,e3/b/e3b-r03/B3/t/53457e283d0481a5,T2,e3/b/e3b-r03/B3/t/bab4cdc9f001ea77,T2,0.9935569270080773,1,1,1.0
B3,formal-r03,8,e3/b/e3b-r03/B3/t/66fa663b41ced85f,T4,e3/b/e3b-r03/B3/t/47b96530e0a5dd91,T4,0.9754922809295777,1,1,1.0
B3,formal-r03,8,e3/b/e3b-r03/B3/t/758be68c4cdd02bb,T6,e3/b/e3b-r03/B3/t/de8a4bdf2c1c8b6a,T6,0.9925183226374056,1,1,1.0
B3,formal-r03,8,e3/b/e3b-r03/B3/t/b41bdbaf5dc18dd0,T3,e3/b/e3b-r03/B3/t/da9197c0960249e4,T3,0.9946099638897747,1,1,1.0
B3,formal-r03,8,e3/b/e3b-r03/B3/t/b483be9a7248e095,T8,e3/b/e3b-r03/B3/t/b622620530fc88c8,T8,0.9943408302355733,1,1,1.0
B3,formal-r03,8,e3/b/e3b-r03/B3/t/cfa6dabd940b2d21,T7,e3/b/e3b-r03/B3/t/51a6550db3f4a326,T7,0.981788769930271,1,1,1.0
B3,formal-r03,9,e3/b/e3b-r03/B3/t/1494adb69fc02cad,T5,e3/b/e3b-r03/B3/t/cf79531ff45c5342,T5,0.9968725715410255,1,1,1.0
B3,formal-r03,9,e3/b/e3b-r03/B3/t/47b96530e0a5dd91,T4,e3/b/e3b-r03/B3/t/621a0dc700ee1e37,T4,0.9968171468357283,1,1,1.0
B3,formal-r03,9,e3/b/e3b-r03/B3/t/51a6550db3f4a326,T7,e3/b/e3b-r03/B3/t/c70aa3041f19f319,T7,0.9925008145335745,1,1,1.0
B3,formal-r03,9,e3/b/e3b-r03/B3/t/8e31024813c4188a,T1,e3/b/e3b-r03/B3/t/7b5cc8186772b5e7,T1,0.9963522904995109,1,1,1.0
B3,formal-r03,9,e3/b/e3b-r03/B3/t/b622620530fc88c8,T8,e3/b/e3b-r03/B3/t/097b66fcdff5a616,T8,0.9962291895591009,1,1,1.0
B3,formal-r03,9,e3/b/e3b-r03/B3/t/bab4cdc9f001ea77,T2,e3/b/e3b-r03/B3/t/dbff6c6eb6c03f67,T2,0.9943840095145899,1,1,1.0
B3,formal-r03,9,e3/b/e3b-r03/B3/t/da9197c0960249e4,T3,e3/b/e3b-r03/B3/t/2037bff82501d551,T3,0.9897105897291071,1,1,1.0
B3,formal-r03,9,e3/b/e3b-r03/B3/t/de8a4bdf2c1c8b6a,T6,e3/b/e3b-r03/B3/t/5dc787299e6deb5d,T6,0.9876315469086866,1,1,1.0
B3,formal-r03,10,e3/b/e3b-r03/B3/t/097b66fcdff5a616,T8,e3/b/e3b-r03/B3/t/aaf346766ab6a375,T8,0.9953505224278613,1,1,1.0
B3,formal-r03,10,e3/b/e3b-r03/B3/t/2037bff82501d551,T3,e3/b/e3b-r03/B3/t/7f86e4d0e0d649b7,T3,0.9949317312469304,1,1,1.0
B3,formal-r03,10,e3/b/e3b-r03/B3/t/5dc787299e6deb5d,T6,e3/b/e3b-r03/B3/t/c8d20bb24b652d3b,T6,0.996799211273934,1,1,1.0
B3,formal-r03,10,e3/b/e3b-r03/B3/t/621a0dc700ee1e37,T4,e3/b/e3b-r03/B3/t/5b205583566616c8,T4,0.9963154499845335,1,1,1.0
B3,formal-r03,10,e3/b/e3b-r03/B3/t/7b5cc8186772b5e7,T1,e3/b/e3b-r03/B3/t/f46d0c54af88689b,T1,0.9940391391462989,1,1,1.0
B3,formal-r03,10,e3/b/e3b-r03/B3/t/c70aa3041f19f319,T7,e3/b/e3b-r03/B3/t/de8e83f87feea62c,T7,0.9823302946106095,1,1,1.0
B3,formal-r03,10,e3/b/e3b-r03/B3/t/cf79531ff45c5342,T5,e3/b/e3b-r03/B3/t/5adec54984b3cbfe,T5,0.9943980272932879,1,1,1.0
B3,formal-r03,10,e3/b/e3b-r03/B3/t/dbff6c6eb6c03f67,T2,e3/b/e3b-r03/B3/t/c942c0492e2d3fc0,T2,0.9932846848479867,1,1,1.0
B3,formal-r03,11,e3/b/e3b-r03/B3/t/5adec54984b3cbfe,T5,e3/b/e3b-r03/B3/t/6edbf2fcbe0a7697,T5,0.9922999818748988,1,1,1.0
B3,formal-r03,11,e3/b/e3b-r03/B3/t/5b205583566616c8,T4,e3/b/e3b-r03/B3/t/b79617bc47cf804c,T4,0.9970400561565026,1,1,1.0
B3,formal-r03,11,e3/b/e3b-r03/B3/t/7f86e4d0e0d649b7,T3,e3/b/e3b-r03/B3/t/464abb2066f83d14,T3,0.99576603145513,1,1,1.0
B3,formal-r03,11,e3/b/e3b-r03/B3/t/aaf346766ab6a375,T8,e3/b/e3b-r03/B3/t/d58801e98b204e3c,T8,0.9955169621847636,1,1,1.0
B3,formal-r03,11,e3/b/e3b-r03/B3/t/c8d20bb24b652d3b,T6,e3/b/e3b-r03/B3/t/510e994dc5793b19,T6,0.9960020197644149,1,1,1.0
B3,formal-r03,11,e3/b/e3b-r03/B3/t/c942c0492e2d3fc0,T2,e3/b/e3b-r03/B3/t/b73161f7032334da,T2,0.0579171967776642,1,1,1.0
B3,formal-r03,11,e3/b/e3b-r03/B3/t/de8e83f87feea62c,T7,e3/b/e3b-r03/B3/t/84391a9d47ebfcb0,T7,0.9925813263389145,1,1,1.0
B3,formal-r03,11,e3/b/e3b-r03/B3/t/f46d0c54af88689b,T1,e3/b/e3b-r03/B3/t/a7bbc12bd2b8753e,T1,0.994626204062469,1,1,1.0
B3,formal-r04,1,e3/b/e3b-r04/B3/t/202c56e4219089e9,T4,e3/b/e3b-r04/B3/t/9227f397f7cb2551,T4,0.9971002276300021,1,1,1.0
B3,formal-r04,1,e3/b/e3b-r04/B3/t/605bb329bb012708,T1,e3/b/e3b-r04/B3/t/df4e98b8159beecb,T1,0.9966591664577101,1,1,1.0
B3,formal-r04,1,e3/b/e3b-r04/B3/t/7cfd61be72e35500,T7,e3/b/e3b-r04/B3/t/e1d74f3f1b76e0a9,T7,0.9834873898101867,1,1,1.0
B3,formal-r04,1,e3/b/e3b-r04/B3/t/ae64435abe8e3c16,T5,e3/b/e3b-r04/B3/t/32bdbae46cc3dac9,T5,0.9948979358638057,1,1,1.0
B3,formal-r04,1,e3/b/e3b-r04/B3/t/ba5f8a1d95843797,T8,e3/b/e3b-r04/B3/t/fddb2ddc6235edf8,T8,0.9911983205875298,1,1,1.0
B3,formal-r04,1,e3/b/e3b-r04/B3/t/cc79c06b727106b8,T2,e3/b/e3b-r04/B3/t/5bfc67769857956f,T3,0.9979939338622581,0,2,0.5
B3,formal-r04,1,e3/b/e3b-r04/B3/t/dd8a540198a261ac,T3,e3/b/e3b-r04/B3/t/517c8a1cce2bd7bf,T2,0.9962917737829465,0,1,1.0
B3,formal-r04,1,e3/b/e3b-r04/B3/t/f927884893f8a997,T6,e3/b/e3b-r04/B3/t/a8285a017ec90c71,T6,0.9941045143907269,1,1,1.0
B3,formal-r04,2,e3/b/e3b-r04/B3/t/32bdbae46cc3dac9,T5,e3/b/e3b-r04/B3/t/5a8f5762be5989bb,T5,0.9901717837362058,1,1,1.0
B3,formal-r04,2,e3/b/e3b-r04/B3/t/517c8a1cce2bd7bf,T2,e3/b/e3b-r04/B3/t/a78e8e0a30b716ed,T2,0.9970975152818744,1,1,1.0
B3,formal-r04,2,e3/b/e3b-r04/B3/t/5bfc67769857956f,T3,e3/b/e3b-r04/B3/t/f774699413d07345,T3,0.9984949534297423,1,1,1.0
B3,formal-r04,2,e3/b/e3b-r04/B3/t/9227f397f7cb2551,T4,e3/b/e3b-r04/B3/t/3f304c61f7394b83,T4,0.9975764400535158,1,1,1.0
B3,formal-r04,2,e3/b/e3b-r04/B3/t/a8285a017ec90c71,T6,e3/b/e3b-r04/B3/t/153c2cd095ac3d7d,T6,0.9964571529093101,1,1,1.0
B3,formal-r04,2,e3/b/e3b-r04/B3/t/df4e98b8159beecb,T1,e3/b/e3b-r04/B3/t/757451f7fcca8f6a,T1,0.9969736420984223,1,1,1.0
B3,formal-r04,2,e3/b/e3b-r04/B3/t/e1d74f3f1b76e0a9,T7,e3/b/e3b-r04/B3/t/f91516d68c74f265,T7,0.9947003609526989,1,1,1.0
B3,formal-r04,2,e3/b/e3b-r04/B3/t/fddb2ddc6235edf8,T8,e3/b/e3b-r04/B3/t/82c26d58e2f268fc,T8,0.6791657690755263,1,1,1.0
B3,formal-r04,3,e3/b/e3b-r04/B3/t/153c2cd095ac3d7d,T6,e3/b/e3b-r04/B3/t/74dd7d25052a2f95,T6,0.9934457650702313,1,1,1.0
B3,formal-r04,3,e3/b/e3b-r04/B3/t/3f304c61f7394b83,T4,e3/b/e3b-r04/B3/t/4e20e53d9a309386,T4,0.9820535729669213,1,1,1.0
B3,formal-r04,3,e3/b/e3b-r04/B3/t/5a8f5762be5989bb,T5,e3/b/e3b-r04/B3/t/128eee962e30ee12,T5,0.981102433255371,1,1,1.0
B3,formal-r04,3,e3/b/e3b-r04/B3/t/757451f7fcca8f6a,T1,e3/b/e3b-r04/B3/t/3072fcfe96abd8e9,T1,0.9979432338067828,1,1,1.0
B3,formal-r04,3,e3/b/e3b-r04/B3/t/82c26d58e2f268fc,T8,e3/b/e3b-r04/B3/t/1a0c4a3908b226f7,T8,0.9516281436278837,1,1,1.0
B3,formal-r04,3,e3/b/e3b-r04/B3/t/a78e8e0a30b716ed,T2,e3/b/e3b-r04/B3/t/4133f42c93bb42cf,T2,0.9973984342493251,1,1,1.0
B3,formal-r04,3,e3/b/e3b-r04/B3/t/f774699413d07345,T3,e3/b/e3b-r04/B3/t/732bcf16995a112b,T3,0.9986103891062299,1,1,1.0
B3,formal-r04,3,e3/b/e3b-r04/B3/t/f91516d68c74f265,T7,e3/b/e3b-r04/B3/t/324c5e4459ddd3ca,T7,0.9962322522921051,1,1,1.0
B3,formal-r04,4,e3/b/e3b-r04/B3/t/128eee962e30ee12,T5,e3/b/e3b-r04/B3/t/96080a672965d3fa,T5,0.9854325817340439,1,1,1.0
B3,formal-r04,4,e3/b/e3b-r04/B3/t/1a0c4a3908b226f7,T8,e3/b/e3b-r04/B3/t/e044c681afffedd9,T8,0.9923660478382935,1,1,1.0
B3,formal-r04,4,e3/b/e3b-r04/B3/t/3072fcfe96abd8e9,T1,e3/b/e3b-r04/B3/t/01ef445f5669bda6,T1,0.9993004775131541,1,1,1.0
B3,formal-r04,4,e3/b/e3b-r04/B3/t/324c5e4459ddd3ca,T7,e3/b/e3b-r04/B3/t/c5b2daf2c3ea0a1e,T7,0.9976845662468192,1,1,1.0
B3,formal-r04,4,e3/b/e3b-r04/B3/t/4133f42c93bb42cf,T2,e3/b/e3b-r04/B3/t/63439ce31f4b7759,T2,0.9970751581197017,1,1,1.0
B3,formal-r04,4,e3/b/e3b-r04/B3/t/4e20e53d9a309386,T4,e3/b/e3b-r04/B3/t/2423e4aa467142ba,T4,0.9948124899554958,1,1,1.0
B3,formal-r04,4,e3/b/e3b-r04/B3/t/732bcf16995a112b,T3,e3/b/e3b-r04/B3/t/8fbc4d9d327931b9,T3,0.9980293014288352,1,1,1.0
B3,formal-r04,4,e3/b/e3b-r04/B3/t/74dd7d25052a2f95,T6,e3/b/e3b-r04/B3/t/b02432f805b89568,T6,0.9841114202841179,1,1,1.0
B3,formal-r04,5,e3/b/e3b-r04/B3/t/01ef445f5669bda6,T1,e3/b/e3b-r04/B3/t/e7d4a0061fd5aeed,T1,0.9986632862847733,1,1,1.0
B3,formal-r04,5,e3/b/e3b-r04/B3/t/2423e4aa467142ba,T4,e3/b/e3b-r04/B3/t/a0be5c130ac6825a,T4,0.9678902120043524,1,1,1.0
B3,formal-r04,5,e3/b/e3b-r04/B3/t/63439ce31f4b7759,T2,e3/b/e3b-r04/B3/t/e12184dc4f83e938,T2,0.9965114090739796,1,1,1.0
B3,formal-r04,5,e3/b/e3b-r04/B3/t/8fbc4d9d327931b9,T3,e3/b/e3b-r04/B3/t/da30c38f299a109d,T3,0.9915258274002334,1,1,1.0
B3,formal-r04,5,e3/b/e3b-r04/B3/t/96080a672965d3fa,T5,e3/b/e3b-r04/B3/t/b0c657dd44279595,T5,0.9746466719461947,1,1,1.0
B3,formal-r04,5,e3/b/e3b-r04/B3/t/b02432f805b89568,T6,e3/b/e3b-r04/B3/t/434558ec0caf1182,T6,0.9913363261632864,1,1,1.0
B3,formal-r04,5,e3/b/e3b-r04/B3/t/c5b2daf2c3ea0a1e,T7,e3/b/e3b-r04/B3/t/ace05b64dafcc019,T7,0.9976459806012754,1,1,1.0
B3,formal-r04,5,e3/b/e3b-r04/B3/t/e044c681afffedd9,T8,e3/b/e3b-r04/B3/t/f97c2deeec811d0a,T8,0.9141297518417603,1,1,1.0
B3,formal-r04,6,e3/b/e3b-r04/B3/t/434558ec0caf1182,T6,e3/b/e3b-r04/B3/t/cd0858326320c412,T6,0.9527177132663139,1,1,1.0
B3,formal-r04,6,e3/b/e3b-r04/B3/t/a0be5c130ac6825a,T4,e3/b/e3b-r04/B3/t/65c45f1daaf2f645,T4,0.9965405597898062,1,1,1.0
B3,formal-r04,6,e3/b/e3b-r04/B3/t/ace05b64dafcc019,T7,e3/b/e3b-r04/B3/t/e661a338365e3751,T7,0.997817279917255,1,1,1.0
B3,formal-r04,6,e3/b/e3b-r04/B3/t/b0c657dd44279595,T5,e3/b/e3b-r04/B3/t/fe2b58a098c656b8,T5,0.9918764219534262,1,1,1.0
B3,formal-r04,6,e3/b/e3b-r04/B3/t/da30c38f299a109d,T3,e3/b/e3b-r04/B3/t/b71b290658891f1a,T3,0.9965724269692671,1,1,1.0
B3,formal-r04,6,e3/b/e3b-r04/B3/t/e12184dc4f83e938,T2,e3/b/e3b-r04/B3/t/448503c1afe74d0a,T2,0.020615733424514764,1,3,0.3333333333333333
B3,formal-r04,6,e3/b/e3b-r04/B3/t/e7d4a0061fd5aeed,T1,e3/b/e3b-r04/B3/t/bb1c590d2d98af65,T1,0.9968612175624056,1,1,1.0
B3,formal-r04,6,e3/b/e3b-r04/B3/t/f97c2deeec811d0a,T8,e3/b/e3b-r04/B3/t/4c36f64626c4df19,T8,0.9665871834913101,1,1,1.0
B3,formal-r04,7,e3/b/e3b-r04/B3/t/448503c1afe74d0a,T2,e3/b/e3b-r04/B3/t/53457e283d0481a5,T2,0.9909261715023635,1,1,1.0
B3,formal-r04,7,e3/b/e3b-r04/B3/t/4c36f64626c4df19,T8,e3/b/e3b-r04/B3/t/b483be9a7248e095,T8,0.99683122777238,1,1,1.0
B3,formal-r04,7,e3/b/e3b-r04/B3/t/65c45f1daaf2f645,T4,e3/b/e3b-r04/B3/t/66fa663b41ced85f,T4,0.9738189575966,1,1,1.0
B3,formal-r04,7,e3/b/e3b-r04/B3/t/b71b290658891f1a,T3,e3/b/e3b-r04/B3/t/b41bdbaf5dc18dd0,T3,0.9930780396470992,1,1,1.0
B3,formal-r04,7,e3/b/e3b-r04/B3/t/bb1c590d2d98af65,T1,e3/b/e3b-r04/B3/t/47d9f7508d1cf712,T1,0.997186103579332,1,1,1.0
B3,formal-r04,7,e3/b/e3b-r04/B3/t/cd0858326320c412,T6,e3/b/e3b-r04/B3/t/758be68c4cdd02bb,T6,0.9769543554234971,1,1,1.0
B3,formal-r04,7,e3/b/e3b-r04/B3/t/e661a338365e3751,T7,e3/b/e3b-r04/B3/t/cfa6dabd940b2d21,T7,0.9951923545168557,1,1,1.0
B3,formal-r04,7,e3/b/e3b-r04/B3/t/fe2b58a098c656b8,T5,e3/b/e3b-r04/B3/t/43277480b5ea4f36,T5,0.9977946644794989,1,1,1.0
B3,formal-r04,8,e3/b/e3b-r04/B3/t/43277480b5ea4f36,T5,e3/b/e3b-r04/B3/t/1494adb69fc02cad,T5,0.9979168824351605,1,1,1.0
B3,formal-r04,8,e3/b/e3b-r04/B3/t/47d9f7508d1cf712,T1,e3/b/e3b-r04/B3/t/8e31024813c4188a,T1,0.9952387454291529,1,1,1.0
B3,formal-r04,8,e3/b/e3b-r04/B3/t/53457e283d0481a5,T2,e3/b/e3b-r04/B3/t/bab4cdc9f001ea77,T2,0.9983248844675957,1,1,1.0
B3,formal-r04,8,e3/b/e3b-r04/B3/t/66fa663b41ced85f,T4,e3/b/e3b-r04/B3/t/47b96530e0a5dd91,T4,0.9773613859373979,1,1,1.0
B3,formal-r04,8,e3/b/e3b-r04/B3/t/758be68c4cdd02bb,T6,e3/b/e3b-r04/B3/t/de8a4bdf2c1c8b6a,T6,0.6604019951924566,1,1,1.0
B3,formal-r04,8,e3/b/e3b-r04/B3/t/b41bdbaf5dc18dd0,T3,e3/b/e3b-r04/B3/t/da9197c0960249e4,T3,0.9966931117869482,1,1,1.0
B3,formal-r04,8,e3/b/e3b-r04/B3/t/b483be9a7248e095,T8,e3/b/e3b-r04/B3/t/b622620530fc88c8,T8,0.9970511647449464,1,1,1.0
B3,formal-r04,8,e3/b/e3b-r04/B3/t/cfa6dabd940b2d21,T7,e3/b/e3b-r04/B3/t/51a6550db3f4a326,T7,0.9967088171860334,1,1,1.0
B3,formal-r04,9,e3/b/e3b-r04/B3/t/1494adb69fc02cad,T5,e3/b/e3b-r04/B3/t/cf79531ff45c5342,T5,0.9955877744061467,1,1,1.0
B3,formal-r04,9,e3/b/e3b-r04/B3/t/47b96530e0a5dd91,T4,e3/b/e3b-r04/B3/t/621a0dc700ee1e37,T4,0.9968843793862511,1,1,1.0
B3,formal-r04,9,e3/b/e3b-r04/B3/t/51a6550db3f4a326,T7,e3/b/e3b-r04/B3/t/c70aa3041f19f319,T7,0.9970026162856981,1,1,1.0
B3,formal-r04,9,e3/b/e3b-r04/B3/t/8e31024813c4188a,T1,e3/b/e3b-r04/B3/t/7b5cc8186772b5e7,T1,0.9967742402959671,1,1,1.0
B3,formal-r04,9,e3/b/e3b-r04/B3/t/b622620530fc88c8,T8,e3/b/e3b-r04/B3/t/097b66fcdff5a616,T8,0.9918395463636795,1,1,1.0
B3,formal-r04,9,e3/b/e3b-r04/B3/t/bab4cdc9f001ea77,T2,e3/b/e3b-r04/B3/t/dbff6c6eb6c03f67,T2,0.9995421033995258,1,1,1.0
B3,formal-r04,9,e3/b/e3b-r04/B3/t/da9197c0960249e4,T3,e3/b/e3b-r04/B3/t/2037bff82501d551,T3,0.997651607964894,1,1,1.0
B3,formal-r04,9,e3/b/e3b-r04/B3/t/de8a4bdf2c1c8b6a,T6,e3/b/e3b-r04/B3/t/5dc787299e6deb5d,T6,0.9983478809686249,1,1,1.0
B3,formal-r04,10,e3/b/e3b-r04/B3/t/097b66fcdff5a616,T8,e3/b/e3b-r04/B3/t/aaf346766ab6a375,T8,0.9929684678334157,1,1,1.0
B3,formal-r04,10,e3/b/e3b-r04/B3/t/2037bff82501d551,T3,e3/b/e3b-r04/B3/t/7f86e4d0e0d649b7,T3,0.9974761846336916,1,1,1.0
B3,formal-r04,10,e3/b/e3b-r04/B3/t/5dc787299e6deb5d,T6,e3/b/e3b-r04/B3/t/c8d20bb24b652d3b,T6,0.9839141924811726,1,1,1.0
B3,formal-r04,10,e3/b/e3b-r04/B3/t/621a0dc700ee1e37,T4,e3/b/e3b-r04/B3/t/5b205583566616c8,T4,0.9425355226548164,1,1,1.0
B3,formal-r04,10,e3/b/e3b-r04/B3/t/7b5cc8186772b5e7,T1,e3/b/e3b-r04/B3/t/f46d0c54af88689b,T1,0.9983710113378071,1,1,1.0
B3,formal-r04,10,e3/b/e3b-r04/B3/t/c70aa3041f19f319,T7,e3/b/e3b-r04/B3/t/de8e83f87feea62c,T7,0.9954643259314305,1,1,1.0
B3,formal-r04,10,e3/b/e3b-r04/B3/t/cf79531ff45c5342,T5,e3/b/e3b-r04/B3/t/5adec54984b3cbfe,T5,0.9965320434129137,1,1,1.0
B3,formal-r04,10,e3/b/e3b-r04/B3/t/dbff6c6eb6c03f67,T2,e3/b/e3b-r04/B3/t/c942c0492e2d3fc0,T2,0.9989084831778835,1,1,1.0
B3,formal-r04,11,e3/b/e3b-r04/B3/t/5adec54984b3cbfe,T5,e3/b/e3b-r04/B3/t/6edbf2fcbe0a7697,T5,0.9965165682970102,1,1,1.0
B3,formal-r04,11,e3/b/e3b-r04/B3/t/5b205583566616c8,T4,e3/b/e3b-r04/B3/t/b79617bc47cf804c,T4,0.9963886207083357,1,1,1.0
B3,formal-r04,11,e3/b/e3b-r04/B3/t/7f86e4d0e0d649b7,T3,e3/b/e3b-r04/B3/t/464abb2066f83d14,T3,0.9985724875363161,1,1,1.0
B3,formal-r04,11,e3/b/e3b-r04/B3/t/aaf346766ab6a375,T8,e3/b/e3b-r04/B3/t/d58801e98b204e3c,T8,0.9661242407382388,1,1,1.0
B3,formal-r04,11,e3/b/e3b-r04/B3/t/c8d20bb24b652d3b,T6,e3/b/e3b-r04/B3/t/510e994dc5793b19,T6,0.9911019204265329,1,1,1.0
B3,formal-r04,11,e3/b/e3b-r04/B3/t/c942c0492e2d3fc0,T2,e3/b/e3b-r04/B3/t/b73161f7032334da,T2,0.9920219754943876,1,1,1.0
B3,formal-r04,11,e3/b/e3b-r04/B3/t/de8e83f87feea62c,T7,e3/b/e3b-r04/B3/t/84391a9d47ebfcb0,T7,0.9670849009277503,1,1,1.0
B3,formal-r04,11,e3/b/e3b-r04/B3/t/f46d0c54af88689b,T1,e3/b/e3b-r04/B3/t/a7bbc12bd2b8753e,T1,0.9963476876306009,1,1,1.0
B3,formal-r05,1,e3/b/e3b-r05/B3/t/202c56e4219089e9,T4,e3/b/e3b-r05/B3/t/9227f397f7cb2551,T4,0.9899182385599912,1,1,1.0
B3,formal-r05,1,e3/b/e3b-r05/B3/t/605bb329bb012708,T1,e3/b/e3b-r05/B3/t/df4e98b8159beecb,T1,0.9961714608645117,1,1,1.0
B3,formal-r05,1,e3/b/e3b-r05/B3/t/7cfd61be72e35500,T7,e3/b/e3b-r05/B3/t/e1d74f3f1b76e0a9,T7,0.9941861455413653,1,1,1.0
B3,formal-r05,1,e3/b/e3b-r05/B3/t/ae64435abe8e3c16,T5,e3/b/e3b-r05/B3/t/32bdbae46cc3dac9,T5,0.9960317431174855,1,1,1.0
B3,formal-r05,1,e3/b/e3b-r05/B3/t/ba5f8a1d95843797,T8,e3/b/e3b-r05/B3/t/fddb2ddc6235edf8,T8,0.9931246076859613,1,1,1.0
B3,formal-r05,1,e3/b/e3b-r05/B3/t/cc79c06b727106b8,T2,e3/b/e3b-r05/B3/t/517c8a1cce2bd7bf,T2,0.9973650244149802,1,1,1.0
B3,formal-r05,1,e3/b/e3b-r05/B3/t/dd8a540198a261ac,T3,e3/b/e3b-r05/B3/t/5bfc67769857956f,T3,0.9979285315601143,1,1,1.0
B3,formal-r05,1,e3/b/e3b-r05/B3/t/f927884893f8a997,T6,e3/b/e3b-r05/B3/t/a8285a017ec90c71,T6,0.9955769550720739,1,1,1.0
B3,formal-r05,2,e3/b/e3b-r05/B3/t/32bdbae46cc3dac9,T5,e3/b/e3b-r05/B3/t/5a8f5762be5989bb,T5,0.9965720577464099,1,1,1.0
B3,formal-r05,2,e3/b/e3b-r05/B3/t/517c8a1cce2bd7bf,T2,e3/b/e3b-r05/B3/t/a78e8e0a30b716ed,T2,0.9976690065367166,1,1,1.0
B3,formal-r05,2,e3/b/e3b-r05/B3/t/5bfc67769857956f,T3,e3/b/e3b-r05/B3/t/f774699413d07345,T3,0.9978015080975413,1,1,1.0
B3,formal-r05,2,e3/b/e3b-r05/B3/t/9227f397f7cb2551,T4,e3/b/e3b-r05/B3/t/3f304c61f7394b83,T4,0.9856855246640759,1,1,1.0
B3,formal-r05,2,e3/b/e3b-r05/B3/t/a8285a017ec90c71,T6,e3/b/e3b-r05/B3/t/153c2cd095ac3d7d,T6,0.9845680553855373,1,1,1.0
B3,formal-r05,2,e3/b/e3b-r05/B3/t/df4e98b8159beecb,T1,e3/b/e3b-r05/B3/t/757451f7fcca8f6a,T1,0.9964316729417418,1,1,1.0
B3,formal-r05,2,e3/b/e3b-r05/B3/t/e1d74f3f1b76e0a9,T7,e3/b/e3b-r05/B3/t/f91516d68c74f265,T7,0.9433990166113123,1,1,1.0
B3,formal-r05,2,e3/b/e3b-r05/B3/t/fddb2ddc6235edf8,T8,e3/b/e3b-r05/B3/t/82c26d58e2f268fc,T8,0.9969858905944675,1,1,1.0
B3,formal-r05,3,e3/b/e3b-r05/B3/t/153c2cd095ac3d7d,T6,e3/b/e3b-r05/B3/t/74dd7d25052a2f95,T6,0.9783120833061031,1,1,1.0
B3,formal-r05,3,e3/b/e3b-r05/B3/t/3f304c61f7394b83,T4,e3/b/e3b-r05/B3/t/4e20e53d9a309386,T4,0.9864847912729262,1,1,1.0
B3,formal-r05,3,e3/b/e3b-r05/B3/t/5a8f5762be5989bb,T5,e3/b/e3b-r05/B3/t/128eee962e30ee12,T5,0.9956061012245835,1,1,1.0
B3,formal-r05,3,e3/b/e3b-r05/B3/t/757451f7fcca8f6a,T1,e3/b/e3b-r05/B3/t/3072fcfe96abd8e9,T1,0.999331180843739,1,1,1.0
B3,formal-r05,3,e3/b/e3b-r05/B3/t/82c26d58e2f268fc,T8,e3/b/e3b-r05/B3/t/1a0c4a3908b226f7,T8,0.986530661097956,1,1,1.0
B3,formal-r05,3,e3/b/e3b-r05/B3/t/a78e8e0a30b716ed,T2,e3/b/e3b-r05/B3/t/4133f42c93bb42cf,T2,0.998294087494995,1,1,1.0
B3,formal-r05,3,e3/b/e3b-r05/B3/t/f774699413d07345,T3,e3/b/e3b-r05/B3/t/732bcf16995a112b,T3,0.9919996716474416,1,1,1.0
B3,formal-r05,3,e3/b/e3b-r05/B3/t/f91516d68c74f265,T7,e3/b/e3b-r05/B3/t/324c5e4459ddd3ca,T7,0.991212022820815,1,1,1.0
B3,formal-r05,4,e3/b/e3b-r05/B3/t/128eee962e30ee12,T5,e3/b/e3b-r05/B3/t/96080a672965d3fa,T5,0.9731788848430455,1,1,1.0
B3,formal-r05,4,e3/b/e3b-r05/B3/t/1a0c4a3908b226f7,T8,e3/b/e3b-r05/B3/t/e044c681afffedd9,T8,0.9807682627193514,1,1,1.0
B3,formal-r05,4,e3/b/e3b-r05/B3/t/3072fcfe96abd8e9,T1,e3/b/e3b-r05/B3/t/01ef445f5669bda6,T1,0.9975586509141644,1,1,1.0
B3,formal-r05,4,e3/b/e3b-r05/B3/t/324c5e4459ddd3ca,T7,e3/b/e3b-r05/B3/t/c5b2daf2c3ea0a1e,T7,0.9771679701347769,1,1,1.0
B3,formal-r05,4,e3/b/e3b-r05/B3/t/4133f42c93bb42cf,T2,e3/b/e3b-r05/B3/t/63439ce31f4b7759,T2,0.9973588452852805,1,1,1.0
B3,formal-r05,4,e3/b/e3b-r05/B3/t/4e20e53d9a309386,T4,e3/b/e3b-r05/B3/t/2423e4aa467142ba,T4,0.9962552844254089,1,1,1.0
B3,formal-r05,4,e3/b/e3b-r05/B3/t/732bcf16995a112b,T3,e3/b/e3b-r05/B3/t/8fbc4d9d327931b9,T3,0.9966487267039265,1,1,1.0
B3,formal-r05,4,e3/b/e3b-r05/B3/t/74dd7d25052a2f95,T6,e3/b/e3b-r05/B3/t/b02432f805b89568,T6,0.9962250012160923,1,1,1.0
B3,formal-r05,5,e3/b/e3b-r05/B3/t/01ef445f5669bda6,T1,e3/b/e3b-r05/B3/t/e7d4a0061fd5aeed,T1,0.9965901068490908,1,1,1.0
B3,formal-r05,5,e3/b/e3b-r05/B3/t/2423e4aa467142ba,T4,e3/b/e3b-r05/B3/t/a0be5c130ac6825a,T4,0.9886509324941047,1,1,1.0
B3,formal-r05,5,e3/b/e3b-r05/B3/t/63439ce31f4b7759,T2,e3/b/e3b-r05/B3/t/e12184dc4f83e938,T2,0.9937791471842236,1,1,1.0
B3,formal-r05,5,e3/b/e3b-r05/B3/t/8fbc4d9d327931b9,T3,e3/b/e3b-r05/B3/t/da30c38f299a109d,T3,0.9975450289081104,1,1,1.0
B3,formal-r05,5,e3/b/e3b-r05/B3/t/96080a672965d3fa,T5,e3/b/e3b-r05/B3/t/b0c657dd44279595,T5,0.9879314950075693,1,1,1.0
B3,formal-r05,5,e3/b/e3b-r05/B3/t/b02432f805b89568,T6,e3/b/e3b-r05/B3/t/434558ec0caf1182,T6,0.9895751951521483,1,1,1.0
B3,formal-r05,5,e3/b/e3b-r05/B3/t/c5b2daf2c3ea0a1e,T7,e3/b/e3b-r05/B3/t/ace05b64dafcc019,T7,0.9922826084742257,1,1,1.0
B3,formal-r05,5,e3/b/e3b-r05/B3/t/e044c681afffedd9,T8,e3/b/e3b-r05/B3/t/f97c2deeec811d0a,T8,0.9822534986697811,1,1,1.0
B3,formal-r05,6,e3/b/e3b-r05/B3/t/434558ec0caf1182,T6,e3/b/e3b-r05/B3/t/cd0858326320c412,T6,0.977275113075628,1,1,1.0
B3,formal-r05,6,e3/b/e3b-r05/B3/t/a0be5c130ac6825a,T4,e3/b/e3b-r05/B3/t/65c45f1daaf2f645,T4,0.981439064491692,1,1,1.0
B3,formal-r05,6,e3/b/e3b-r05/B3/t/ace05b64dafcc019,T7,e3/b/e3b-r05/B3/t/e661a338365e3751,T7,0.9846318873876106,1,1,1.0
B3,formal-r05,6,e3/b/e3b-r05/B3/t/b0c657dd44279595,T5,e3/b/e3b-r05/B3/t/fe2b58a098c656b8,T5,0.9911856406282439,1,1,1.0
B3,formal-r05,6,e3/b/e3b-r05/B3/t/da30c38f299a109d,T3,e3/b/e3b-r05/B3/t/b71b290658891f1a,T3,0.9928947384364849,1,1,1.0
B3,formal-r05,6,e3/b/e3b-r05/B3/t/e12184dc4f83e938,T2,e3/b/e3b-r05/B3/t/448503c1afe74d0a,T2,0.996680711544402,1,1,1.0
B3,formal-r05,6,e3/b/e3b-r05/B3/t/e7d4a0061fd5aeed,T1,e3/b/e3b-r05/B3/t/bb1c590d2d98af65,T1,0.9975716448675503,1,1,1.0
B3,formal-r05,6,e3/b/e3b-r05/B3/t/f97c2deeec811d0a,T8,e3/b/e3b-r05/B3/t/4c36f64626c4df19,T8,0.9769152596528791,1,1,1.0
B3,formal-r05,7,e3/b/e3b-r05/B3/t/448503c1afe74d0a,T2,e3/b/e3b-r05/B3/t/53457e283d0481a5,T2,0.996237809792857,1,1,1.0
B3,formal-r05,7,e3/b/e3b-r05/B3/t/4c36f64626c4df19,T8,e3/b/e3b-r05/B3/t/b483be9a7248e095,T8,0.9885010083007942,1,1,1.0
B3,formal-r05,7,e3/b/e3b-r05/B3/t/65c45f1daaf2f645,T4,e3/b/e3b-r05/B3/t/66fa663b41ced85f,T4,0.9900439882552765,1,1,1.0
B3,formal-r05,7,e3/b/e3b-r05/B3/t/b71b290658891f1a,T3,e3/b/e3b-r05/B3/t/b41bdbaf5dc18dd0,T3,0.9953920292822036,1,1,1.0
B3,formal-r05,7,e3/b/e3b-r05/B3/t/bb1c590d2d98af65,T1,e3/b/e3b-r05/B3/t/47d9f7508d1cf712,T1,0.997042400953089,1,1,1.0
B3,formal-r05,7,e3/b/e3b-r05/B3/t/cd0858326320c412,T6,e3/b/e3b-r05/B3/t/758be68c4cdd02bb,T6,0.9943169290610938,1,1,1.0
B3,formal-r05,7,e3/b/e3b-r05/B3/t/e661a338365e3751,T7,e3/b/e3b-r05/B3/t/cfa6dabd940b2d21,T7,0.9816662584558457,1,1,1.0
B3,formal-r05,7,e3/b/e3b-r05/B3/t/fe2b58a098c656b8,T5,e3/b/e3b-r05/B3/t/43277480b5ea4f36,T5,0.9962809627645953,1,1,1.0
B3,formal-r05,8,e3/b/e3b-r05/B3/t/43277480b5ea4f36,T5,e3/b/e3b-r05/B3/t/1494adb69fc02cad,T5,0.9823883711198167,1,1,1.0
B3,formal-r05,8,e3/b/e3b-r05/B3/t/47d9f7508d1cf712,T1,e3/b/e3b-r05/B3/t/8e31024813c4188a,T1,0.9961837926683261,1,1,1.0
B3,formal-r05,8,e3/b/e3b-r05/B3/t/53457e283d0481a5,T2,e3/b/e3b-r05/B3/t/bab4cdc9f001ea77,T2,0.9970223438541013,1,1,1.0
B3,formal-r05,8,e3/b/e3b-r05/B3/t/66fa663b41ced85f,T4,e3/b/e3b-r05/B3/t/47b96530e0a5dd91,T4,0.9947023474340546,1,1,1.0
B3,formal-r05,8,e3/b/e3b-r05/B3/t/758be68c4cdd02bb,T6,e3/b/e3b-r05/B3/t/de8a4bdf2c1c8b6a,T6,0.9781856310698105,1,1,1.0
B3,formal-r05,8,e3/b/e3b-r05/B3/t/b41bdbaf5dc18dd0,T3,e3/b/e3b-r05/B3/t/da9197c0960249e4,T3,0.9927237373955731,1,1,1.0
B3,formal-r05,8,e3/b/e3b-r05/B3/t/b483be9a7248e095,T8,e3/b/e3b-r05/B3/t/b622620530fc88c8,T8,0.9879601243135022,1,1,1.0
B3,formal-r05,8,e3/b/e3b-r05/B3/t/cfa6dabd940b2d21,T7,e3/b/e3b-r05/B3/t/51a6550db3f4a326,T7,0.9934465279792515,1,1,1.0
B3,formal-r05,9,e3/b/e3b-r05/B3/t/1494adb69fc02cad,T5,e3/b/e3b-r05/B3/t/cf79531ff45c5342,T5,0.9956777959527298,1,1,1.0
B3,formal-r05,9,e3/b/e3b-r05/B3/t/47b96530e0a5dd91,T4,e3/b/e3b-r05/B3/t/621a0dc700ee1e37,T4,0.9969208869674714,1,1,1.0
B3,formal-r05,9,e3/b/e3b-r05/B3/t/51a6550db3f4a326,T7,e3/b/e3b-r05/B3/t/c70aa3041f19f319,T7,0.981826661337289,1,1,1.0
B3,formal-r05,9,e3/b/e3b-r05/B3/t/8e31024813c4188a,T1,e3/b/e3b-r05/B3/t/7b5cc8186772b5e7,T1,0.05843103465658175,1,1,1.0
B3,formal-r05,9,e3/b/e3b-r05/B3/t/b622620530fc88c8,T8,e3/b/e3b-r05/B3/t/097b66fcdff5a616,T8,0.9953414514040781,1,1,1.0
B3,formal-r05,9,e3/b/e3b-r05/B3/t/bab4cdc9f001ea77,T2,e3/b/e3b-r05/B3/t/dbff6c6eb6c03f67,T2,0.9977968520619761,1,1,1.0
B3,formal-r05,9,e3/b/e3b-r05/B3/t/da9197c0960249e4,T3,e3/b/e3b-r05/B3/t/2037bff82501d551,T3,0.9971107232214221,1,1,1.0
B3,formal-r05,9,e3/b/e3b-r05/B3/t/de8a4bdf2c1c8b6a,T6,e3/b/e3b-r05/B3/t/5dc787299e6deb5d,T6,0.9946205154033088,1,1,1.0
B3,formal-r05,10,e3/b/e3b-r05/B3/t/097b66fcdff5a616,T8,e3/b/e3b-r05/B3/t/aaf346766ab6a375,T8,0.985580870781272,1,1,1.0
B3,formal-r05,10,e3/b/e3b-r05/B3/t/2037bff82501d551,T3,e3/b/e3b-r05/B3/t/7f86e4d0e0d649b7,T3,0.9968984757757405,1,1,1.0
B3,formal-r05,10,e3/b/e3b-r05/B3/t/5dc787299e6deb5d,T6,e3/b/e3b-r05/B3/t/c8d20bb24b652d3b,T6,0.9952343343217807,1,1,1.0
B3,formal-r05,10,e3/b/e3b-r05/B3/t/621a0dc700ee1e37,T4,e3/b/e3b-r05/B3/t/5b205583566616c8,T4,0.9957605667680409,1,1,1.0
B3,formal-r05,10,e3/b/e3b-r05/B3/t/7b5cc8186772b5e7,T1,e3/b/e3b-r05/B3/t/f46d0c54af88689b,T1,0.9945318554065059,1,1,1.0
B3,formal-r05,10,e3/b/e3b-r05/B3/t/c70aa3041f19f319,T7,e3/b/e3b-r05/B3/t/de8e83f87feea62c,T7,0.9891875185340998,1,1,1.0
B3,formal-r05,10,e3/b/e3b-r05/B3/t/cf79531ff45c5342,T5,e3/b/e3b-r05/B3/t/5adec54984b3cbfe,T5,0.9883673892435652,1,1,1.0
B3,formal-r05,10,e3/b/e3b-r05/B3/t/dbff6c6eb6c03f67,T2,e3/b/e3b-r05/B3/t/c942c0492e2d3fc0,T2,0.997443262923828,1,1,1.0
B3,formal-r05,11,e3/b/e3b-r05/B3/t/5adec54984b3cbfe,T5,e3/b/e3b-r05/B3/t/6edbf2fcbe0a7697,T5,0.9948472420561278,1,1,1.0
B3,formal-r05,11,e3/b/e3b-r05/B3/t/5b205583566616c8,T4,e3/b/e3b-r05/B3/t/b79617bc47cf804c,T4,0.9935008020884838,1,1,1.0
B3,formal-r05,11,e3/b/e3b-r05/B3/t/7f86e4d0e0d649b7,T3,e3/b/e3b-r05/B3/t/464abb2066f83d14,T3,0.9972094901397833,1,1,1.0
B3,formal-r05,11,e3/b/e3b-r05/B3/t/aaf346766ab6a375,T8,e3/b/e3b-r05/B3/t/d58801e98b204e3c,T8,0.9950819921816371,1,1,1.0
B3,formal-r05,11,e3/b/e3b-r05/B3/t/c8d20bb24b652d3b,T6,e3/b/e3b-r05/B3/t/510e994dc5793b19,T6,0.994931945091883,1,1,1.0
B3,formal-r05,11,e3/b/e3b-r05/B3/t/c942c0492e2d3fc0,T2,e3/b/e3b-r05/B3/t/b73161f7032334da,T2,0.9950416524648678,1,1,1.0
B3,formal-r05,11,e3/b/e3b-r05/B3/t/de8e83f87feea62c,T7,e3/b/e3b-r05/B3/t/84391a9d47ebfcb0,T7,0.9934738224795641,1,1,1.0
B3,formal-r05,11,e3/b/e3b-r05/B3/t/f46d0c54af88689b,T1,e3/b/e3b-r05/B3/t/a7bbc12bd2b8753e,T1,0.9970844040770088,1,1,1.0
